조사기준연도,일반_대표자_성별코드,대표자연령대코드,일반_소재지_운영장소코드,일반_합계종사자수,일반_합계_남자종사자수,일반_합계_여자종사자수,일반_대표자종사자수,일반_대표자_남자종사자수,일반_대표자_여자종사자수,일반_근로계약기간_1년이상_종사자수,일반_근로계약기간_1년이상_남자종사자수,일반_근로계약기간_1년이상_여자종사자수,일반_근로계약기간_3개월이상1년미만_종사자수,일반_근로계약기간_3개월이상1년미만_남자종사자수,일반_근로계약기간_3개월이상1년미만_여자종사자수,일반_근로계약기간_3개월미만_종사자수,일반_근로계약기간_3개월미만_남자종사자수,일반_근로계약기간_3개월미만_여자종사자수,일반_무급가족종사자수,일반_무급가족_남자종사자수,일반_무급가족_여자종사자수,일반_기타근로자종사자수,일반_기타근로자_남자종사자수,일반_기타근로자_여자종사자수,일반_무급가족종사자_부부여부,일반_무급가족종사자_부모여부,일반_무급가족종사자_자녀여부,일반_무급가족종사자_친인척여부,일반_사업자형태코드,산업대분류코드,산업중분류코드,일반_프랜차이즈가맹점여부,일반_창업형태코드,일반_창업인수승계_연도,일반_창업인수승계_월,일반_사업장이전_경험여부,일반_사업장이전_사유코드,일반_현사업체_직전종사상지위항목코드,일반_창업횟수,창업_동기코드,창업_준비기간_창업_준비기간_년수,창업_준비기간_창업_준비기간_월수,창업_준비활동중요성_사업계획서작성코드,창업_준비활동중요성_시장조사코드,창업_준비활동중요성_동종업종종사경험코드,창업_준비활동중요성_창업교육코드,창업_준비활동_사업계획서작성여부,창업_준비활동_시장조사여부,창업_준비활동_동종업종종사경험여부,창업_준비활동_창업교육여부,창업_어려움정도_입지선정코드,창업_어려움정도_업종선택코드,창업_어려움정도_자금조달코드,창업_어려움정도_기술확보코드,창업_어려움정도_인력확보코드,창업_어려움정도_행정절차코드,창업_어려움정도_경영방법코드,창업_비용_총창업비용,창업_비용_본인부담금액,경영_영업기간_하루평균시간수,경영_영업기간_월평균일수,경영_영업기간_년간월수,경영_점유형태코드,경영_점유형태_임차형태코드,경영_점유형태_보증금액,경영_점유형태_월세금액,경영_점유형태_일정비율지급금액,경영_사업장면적,경영_운영활동_차별화된제품개발,경영_운영활동_제품서비스품질향상,경영_운영활동_판로개척,경영_운영활동_해외진출,경영_운영활동_브랜드마케팅,경영_운영활동_제품인증,경영_운영활동_비즈니스모델확장,경영_운영활동_투자유치,경영_운영활동_활동상황없음,경영_운영평가_사업장기비전전략보유정도코드,경영_운영평가_제품서비스라인변화혁신추구정도코드,경영_운영평가_위험부담감수도전정도코드,경영_운영평가_신제품신기술적용추진정도코드,경영_운영활동_스마트주문결제,경영_운영활동_매장관리,경영_운영활동_경영관리소프트웨어,경영_운영활동_자동화,경영_운영활동_디지털광고,경영_운영활동_온라인판로,경영_운영활동_기타,경영_운영활동_활동사항없음,경영_운영활동_디지털기술유형도입의향여부,경영_단체활동_협회단체여부,경영_단체활동_상인회여부,경영_단체활동_협동조합여부,경영_단체활동_기타여부,경영_단체활동_미가입여부,경영_매출금액,경영_영업비용,경영_영업비용_매출원가,경영_영업비용_급여총액,경영_영업비용_임차료,경영_영업비용_기타금액,경영_영업이익,경영_전자상거래_매출실적여부,경영_전자상거래_매출비율,경영_고객결제방법_현금비율,경영_고객결제방법_카드비율,경영_고객결제방법_간편결제비율,경영_고객결제방법_어음비율,경영_고객결제방법_기타비율,경영_고객결제방법_합계비율,경영_판매처별매출_기업비율,경영_판매처별매출_소비자비율,경영_판매처별매출_해외수출비율,경영_판매처별매출_기타비율,경영_부채여부,경영_부채금액,경영_애로사항_상권쇠퇴,경영_애로사항_동일업종경쟁심화,경영_애로사항_원재료비재료매입비,경영_애로사항_최저임금영향,경영_애로사항_보증금월세,경영_애로사항_부채상환,경영_애로사항_인력관리,경영_애로사항_판로개척및운영,경영_애로사항_디지털기술도입,경영_애로사항_기타,정부지원정책_지원경험코드,정부지원정책_정책자금인지여부,정부지원정책_정책자금인지경로코드,정부지원정책_자금지원,정부지원정책_인력지원,정부지원정책_세제지원,정부지원정책_기술지원,정부지원정책_판로지원,정부지원정책_디지털도입전환,정부지원정책_퇴로지원,정부지원정책_기타,사업전환_운영계획_소유권승계계획여부,사업체수가중값,행정구역시도코드,사업전환
2023,1,10,1,1,1,0,1,1,0,0,0,0,0,0,0,0,0,0,0,0,0,0,0,0,0.0,0.0,0.0,0.0,1,R,91,2,2,2019,3,2,0.0,3,1,0.0,0.0,0.0,0.0,0.0,0.0,0.0,0.0,0.0,0.0,0.0,0.0,0.0,0.0,0.0,0.0,0.0,0.0,0.0,0.0,8,20,12,1,0.0,0.0,0.0,0.0,33,0.0,0.0,0.0,0.0,0.0,0.0,0.0,0.0,1.0,4,3,4,3,0.0,0.0,0.0,0.0,0.0,0.0,0.0,1.0,2.0,1.0,0.0,0.0,0.0,0.0,31,22,15,0,0,7,9,2,0.0,0,100,0,0,0,100,0,100,0,0,1,57.0,1.0,1.0,0.0,0.0,0.0,0.0,0.0,0.0,0.0,0.0,1,2,0.0,1.0,0.0,0.0,0.0,0.0,0.0,0.0,0.0,0.0,17.6666666666667,29,1
2023,1,10,1,2,2,0,1,1,0,0,0,0,0,0,0,1,1,0,0,0,0,0,0,0,0.0,0.0,0.0,0.0,1,G,46,2,1,2004,4,2,0.0,3,1,0.0,0.0,0.0,0.0,0.0,0.0,0.0,0.0,0.0,0.0,0.0,0.0,0.0,0.0,0.0,0.0,0.0,0.0,0.0,0.0,10,26,12,2,1.0,3000.0,220.0,0.0,102,0.0,0.0,0.0,0.0,0.0,0.0,0.0,0.0,1.0,4,3,4,3,0.0,0.0,0.0,0.0,0.0,1.0,0.0,0.0,0.0,0.0,0.0,0.0,0.0,1.0,97,96,33,27,27,9,1,1,90.0,0,100,0,0,0,100,0,100,0,0,1,139.0,1.0,1.0,1.0,0.0,0.0,0.0,0.0,0.0,0.0,0.0,1,1,2.0,0.0,1.0,0.0,0.0,1.0,0.0,0.0,0.0,2.0,1240.7191011236,31,0
2023,1,10,1,3,2,1,1,1,0,1,1,0,0,0,0,0,0,0,1,0,1,0,0,0,1.0,0.0,0.0,0.0,1,C,20,2,1,1989,6,2,0.0,3,1,0.0,0.0,0.0,0.0,0.0,0.0,0.0,0.0,0.0,0.0,0.0,0.0,0.0,0.0,0.0,0.0,0.0,0.0,0.0,0.0,8,22,12,1,0.0,0.0,0.0,0.0,990,1.0,1.0,0.0,0.0,0.0,0.0,0.0,0.0,0.0,5,5,5,5,0.0,0.0,0.0,0.0,0.0,0.0,0.0,1.0,2.0,1.0,0.0,0.0,0.0,0.0,300,280,182,49,0,49,20,2,0.0,100,0,0,0,0,100,100,0,0,0,1,170.0,0.0,1.0,0.0,1.0,0.0,0.0,0.0,0.0,0.0,0.0,1,2,0.0,1.0,1.0,0.0,0.0,0.0,0.0,0.0,0.0,2.0,14.5135135135135,38,0
2023,1,20,1,1,1,0,1,1,0,0,0,0,0,0,0,0,0,0,0,0,0,0,0,0,0.0,0.0,0.0,0.0,1,C,14,2,2,2021,1,2,0.0,3,1,0.0,0.0,0.0,0.0,0.0,0.0,0.0,0.0,0.0,0.0,0.0,0.0,0.0,0.0,0.0,0.0,0.0,0.0,0.0,0.0,10,20,12,2,1.0,1000.0,160.0,0.0,270,0.0,0.0,0.0,0.0,0.0,0.0,0.0,0.0,1.0,4,3,3,3,0.0,0.0,0.0,0.0,0.0,0.0,0.0,1.0,2.0,0.0,1.0,0.0,0.0,0.0,80,68,41,0,20,7,12,2,0.0,50,50,0,0,0,100,0,100,0,0,1,66.0,1.0,1.0,1.0,0.0,0.0,0.0,0.0,0.0,0.0,0.0,2,2,0.0,0.0,1.0,0.0,0.0,0.0,0.0,0.0,0.0,2.0,3.71875,25,0
2023,1,20,1,1,1,0,1,1,0,0,0,0,0,0,0,0,0,0,0,0,0,0,0,0,0.0,0.0,0.0,0.0,1,C,24,2,1,2017,10,2,0.0,3,1,2.0,2.0,0.0,4.0,5.0,5.0,4.0,1.0,1.0,1.0,2.0,4.0,5.0,4.0,4.0,5.0,4.0,4.0,628.0,462.0,10,22,12,2,1.0,5000.0,150.0,0.0,266,0.0,1.0,1.0,0.0,0.0,0.0,0.0,0.0,0.0,4,5,5,4,0.0,0.0,0.0,0.0,0.0,0.0,0.0,1.0,2.0,0.0,0.0,0.0,0.0,1.0,300,291,218,49,19,5,9,2,0.0,80,20,0,0,0,100,100,0,0,0,1,716.0,0.0,1.0,0.0,0.0,1.0,0.0,0.0,0.0,0.0,0.0,2,1,2.0,1.0,1.0,1.0,0.0,0.0,0.0,0.0,0.0,2.0,17.6923076923077,34,0
2023,1,20,1,1,1,0,1,1,0,0,0,0,0,0,0,0,0,0,0,0,0,0,0,0,0.0,0.0,0.0,0.0,1,C,26,2,1,2020,1,2,0.0,4,1,2.0,0.0,3.0,3.0,4.0,4.0,3.0,2.0,1.0,2.0,2.0,3.0,4.0,4.0,3.0,3.0,3.0,3.0,63.0,63.0,8,20,12,2,1.0,2000.0,1.0,0.0,19,0.0,0.0,1.0,0.0,0.0,0.0,0.0,0.0,0.0,3,3,3,3,0.0,0.0,0.0,0.0,0.0,0.0,0.0,1.0,2.0,0.0,0.0,0.0,0.0,1.0,49,45,37,0,0,8,4,2,0.0,100,0,0,0,0,100,100,0,0,0,1,36.0,0.0,0.0,0.0,0.0,0.0,1.0,0.0,1.0,0.0,0.0,2,1,2.0,1.0,0.0,0.0,0.0,0.0,0.0,0.0,0.0,1.0,2.25,29,0
2023,1,20,1,1,1,0,1,1,0,0,0,0,0,0,0,0,0,0,0,0,0,0,0,0,0.0,0.0,0.0,0.0,1,C,28,2,1,2020,1,2,0.0,2,1,1.0,1.0,0.0,4.0,4.0,5.0,5.0,1.0,1.0,1.0,1.0,3.0,5.0,4.0,4.0,4.0,4.0,3.0,101.0,101.0,9,22,12,2,1.0,2000.0,220.0,0.0,70,0.0,0.0,0.0,0.0,0.0,0.0,0.0,0.0,1.0,4,3,4,4,0.0,0.0,0.0,0.0,0.0,0.0,0.0,1.0,2.0,0.0,0.0,0.0,0.0,1.0,112,105,38,27,27,13,7,2,0.0,100,0,0,0,0,100,50,50,0,0,2,0.0,1.0,1.0,1.0,0.0,0.0,0.0,0.0,0.0,0.0,0.0,1,2,0.0,1.0,1.0,1.0,0.0,0.0,0.0,0.0,0.0,2.0,24.4807692307692,11,0
2023,1,20,1,1,1,0,1,1,0,0,0,0,0,0,0,0,0,0,0,0,0,0,0,0,0.0,0.0,0.0,0.0,1,C,28,2,1,2021,7,2,0.0,4,1,2.0,0.0,3.0,4.0,4.0,4.0,4.0,2.0,2.0,2.0,2.0,3.0,3.0,3.0,3.0,4.0,3.0,3.0,133.0,120.0,8,22,12,2,2.0,0.0,25.0,0.0,49,0.0,0.0,0.0,0.0,0.0,0.0,0.0,0.0,1.0,3,3,3,3,0.0,0.0,0.0,0.0,0.0,0.0,0.0,1.0,2.0,0.0,0.0,0.0,0.0,1.0,56,48,11,0,37,0,8,2,0.0,100,0,0,0,0,100,100,0,0,0,1,39.0,0.0,0.0,1.0,1.0,0.0,0.0,0.0,0.0,0.0,0.0,2,1,3.0,1.0,0.0,0.0,0.0,0.0,0.0,0.0,0.0,1.0,81.9166666666667,22,0
2023,1,20,1,1,1,0,1,1,0,0,0,0,0,0,0,0,0,0,0,0,0,0,0,0,0.0,0.0,0.0,0.0,1,C,29,2,3,2019,2,2,0.0,4,1,0.0,0.0,0.0,0.0,0.0,0.0,0.0,0.0,0.0,0.0,0.0,0.0,0.0,0.0,0.0,0.0,0.0,0.0,0.0,0.0,8,20,12,2,2.0,0.0,70.0,0.0,66,0.0,0.0,0.0,0.0,0.0,0.0,0.0,0.0,1.0,3,3,3,3,0.0,0.0,0.0,0.0,0.0,0.0,0.0,1.0,2.0,0.0,0.0,0.0,0.0,1.0,50,42,24,0,9,9,8,2,0.0,50,50,0,0,0,100,100,0,0,0,1,116.0,0.0,1.0,1.0,0.0,0.0,0.0,0.0,0.0,0.0,0.0,2,2,0.0,1.0,0.0,1.0,0.0,1.0,0.0,0.0,0.0,2.0,17.0,39,0
2023,1,20,1,1,1,0,1,1,0,0,0,0,0,0,0,0,0,0,0,0,0,0,0,0,0.0,0.0,0.0,0.0,1,C,33,2,1,2021,7,2,0.0,3,1,1.0,1.0,2.0,5.0,5.0,3.0,4.0,2.0,1.0,1.0,1.0,4.0,4.0,5.0,3.0,2.0,4.0,3.0,101.0,15.0,12,25,12,2,1.0,2500.0,40.0,0.0,99,1.0,0.0,1.0,0.0,0.0,0.0,0.0,0.0,0.0,4,5,5,4,0.0,0.0,0.0,0.0,0.0,0.0,0.0,1.0,2.0,0.0,0.0,0.0,0.0,1.0,20,17,9,0,5,3,3,2,0.0,40,60,0,0,0,100,0,100,0,0,1,179.0,0.0,0.0,1.0,0.0,0.0,1.0,0.0,1.0,0.0,0.0,1,1,2.0,1.0,0.0,1.0,1.0,0.0,0.0,0.0,0.0,2.0,18.1935483870968,33,0
2023,1,20,1,1,1,0,1,1,0,0,0,0,0,0,0,0,0,0,0,0,0,0,0,0,0.0,0.0,0.0,0.0,1,C,34,2,1,1982,12,2,0.0,4,1,0.0,0.0,0.0,0.0,0.0,0.0,0.0,0.0,0.0,0.0,0.0,0.0,0.0,0.0,0.0,0.0,0.0,0.0,0.0,0.0,6,26,12,1,0.0,0.0,0.0,0.0,100,0.0,0.0,0.0,0.0,0.0,0.0,0.0,0.0,1.0,3,3,3,3,0.0,0.0,0.0,0.0,0.0,0.0,0.0,1.0,2.0,0.0,0.0,0.0,0.0,1.0,70,63,39,0,19,5,7,2,0.0,100,0,0,0,0,100,50,50,0,0,1,107.0,0.0,0.0,1.0,0.0,0.0,0.0,0.0,1.0,0.0,0.0,2,2,0.0,1.0,0.0,0.0,0.0,0.0,0.0,0.0,0.0,2.0,33.3636363636364,36,0
2023,1,20,1,1,1,0,1,1,0,0,0,0,0,0,0,0,0,0,0,0,0,0,0,0,0.0,0.0,0.0,0.0,1,C,34,2,1,2015,1,2,0.0,2,1,0.0,0.0,0.0,0.0,0.0,0.0,0.0,0.0,0.0,0.0,0.0,0.0,0.0,0.0,0.0,0.0,0.0,0.0,0.0,0.0,10,25,12,1,0.0,0.0,0.0,0.0,95,1.0,0.0,1.0,0.0,0.0,0.0,0.0,0.0,0.0,3,4,4,4,0.0,0.0,0.0,0.0,0.0,0.0,0.0,1.0,2.0,0.0,1.0,0.0,0.0,0.0,90,77,62,0,9,6,13,2,0.0,20,80,0,0,0,100,10,90,0,0,1,75.0,1.0,0.0,0.0,1.0,1.0,0.0,0.0,0.0,0.0,0.0,1,1,1.0,0.0,0.0,1.0,1.0,0.0,0.0,0.0,0.0,1.0,29.0,35,0
2023,1,20,1,1,1,0,1,1,0,0,0,0,0,0,0,0,0,0,0,0,0,0,0,0,0.0,0.0,0.0,0.0,1,C,34,2,1,2021,6,2,0.0,3,1,1.0,3.0,0.0,4.0,4.0,4.0,4.0,2.0,2.0,2.0,2.0,3.0,3.0,4.0,3.0,3.0,3.0,3.0,126.0,126.0,8,20,12,2,1.0,500.0,100.0,0.0,165,0.0,0.0,0.0,0.0,0.0,0.0,0.0,0.0,1.0,3,3,3,3,0.0,0.0,0.0,0.0,0.0,0.0,0.0,1.0,2.0,0.0,0.0,0.0,0.0,1.0,300,237,210,0,12,15,63,2,0.0,100,0,0,0,0,100,100,0,0,0,1,60.0,0.0,0.0,0.0,0.0,0.0,1.0,0.0,0.0,0.0,0.0,2,2,0.0,1.0,0.0,0.0,0.0,0.0,0.0,0.0,0.0,2.0,68.4761904761905,38,0
2023,1,20,1,1,1,0,1,1,0,0,0,0,0,0,0,0,0,0,0,0,0,0,0,0,0.0,0.0,0.0,0.0,1,F,41,2,1,2020,9,2,0.0,4,1,2.0,1.0,0.0,3.0,3.0,3.0,3.0,2.0,2.0,2.0,2.0,3.0,3.0,3.0,3.0,3.0,3.0,3.0,43.0,43.0,8,15,12,2,1.0,1000.0,16.0,0.0,23,0.0,0.0,0.0,0.0,0.0,0.0,0.0,0.0,1.0,1,1,1,1,0.0,0.0,0.0,0.0,0.0,0.0,0.0,1.0,2.0,0.0,0.0,0.0,0.0,1.0,160,156,49,85,2,20,4,2,0.0,100,0,0,0,0,100,20,80,0,0,1,72.0,0.0,0.0,1.0,1.0,0.0,0.0,1.0,0.0,0.0,0.0,2,2,0.0,1.0,0.0,0.0,0.0,0.0,0.0,0.0,0.0,2.0,21.2045454545455,21,0
2023,1,20,1,1,1,0,1,1,0,0,0,0,0,0,0,0,0,0,0,0,0,0,0,0,0.0,0.0,0.0,0.0,1,G,46,2,1,2022,6,2,0.0,3,1,4.0,0.0,1.0,3.0,3.0,3.0,3.0,2.0,2.0,2.0,2.0,2.0,2.0,2.0,2.0,1.0,2.0,1.0,31.0,31.0,8,30,12,2,5.0,0.0,0.0,0.0,10,0.0,0.0,0.0,0.0,0.0,0.0,0.0,0.0,1.0,4,3,3,3,0.0,0.0,0.0,0.0,0.0,0.0,0.0,1.0,2.0,0.0,0.0,0.0,0.0,1.0,144,141,141,0,0,0,3,2,0.0,50,50,0,0,0,100,100,0,0,0,1,54.0,0.0,1.0,0.0,0.0,0.0,0.0,0.0,0.0,0.0,0.0,3,2,0.0,1.0,0.0,0.0,0.0,0.0,0.0,0.0,0.0,1.0,305.879310344828,37,0
2023,1,20,1,1,1,0,1,1,0,0,0,0,0,0,0,0,0,0,0,0,0,0,0,0,0.0,0.0,0.0,0.0,1,G,47,1,1,2022,5,2,0.0,2,1,2.0,0.0,5.0,3.0,5.0,5.0,4.0,2.0,1.0,1.0,2.0,4.0,4.0,4.0,4.0,4.0,4.0,4.0,54.0,54.0,9,24,12,2,1.0,3000.0,170.0,0.0,26,0.0,0.0,0.0,0.0,0.0,0.0,0.0,0.0,1.0,3,3,3,3,0.0,0.0,0.0,0.0,0.0,0.0,0.0,1.0,2.0,0.0,0.0,0.0,0.0,1.0,158,157,131,0,21,5,1,2,0.0,5,95,0,0,0,100,0,100,0,0,2,0.0,1.0,1.0,1.0,0.0,0.0,0.0,0.0,0.0,0.0,0.0,3,1,3.0,1.0,0.0,1.0,0.0,1.0,0.0,0.0,0.0,2.0,1301.96341463415,31,0
2023,1,20,1,1,1,0,1,1,0,0,0,0,0,0,0,0,0,0,0,0,0,0,0,0,0.0,0.0,0.0,0.0,1,G,47,1,1,2022,6,2,0.0,2,1,2.0,0.0,2.0,4.0,5.0,4.0,5.0,2.0,2.0,1.0,2.0,4.0,5.0,5.0,4.0,4.0,5.0,3.0,77.0,77.0,8,24,12,2,1.0,3000.0,140.0,0.0,10,1.0,1.0,0.0,0.0,1.0,0.0,0.0,0.0,0.0,5,4,5,4,0.0,0.0,0.0,0.0,0.0,0.0,0.0,1.0,1.0,0.0,0.0,0.0,0.0,1.0,60,66,25,14,17,10,-6,2,0.0,5,95,0,0,0,100,0,100,0,0,2,0.0,1.0,0.0,1.0,0.0,1.0,0.0,0.0,0.0,0.0,0.0,1,2,0.0,0.0,1.0,1.0,1.0,0.0,0.0,0.0,0.0,2.0,59.9082568807339,29,0
2023,1,20,1,1,1,0,1,1,0,0,0,0,0,0,0,0,0,0,0,0,0,0,0,0,0.0,0.0,0.0,0.0,1,G,47,2,1,2014,6,2,0.0,4,1,0.0,0.0,0.0,0.0,0.0,0.0,0.0,0.0,0.0,0.0,0.0,0.0,0.0,0.0,0.0,0.0,0.0,0.0,0.0,0.0,12,30,12,2,1.0,1500.0,100.0,0.0,16,0.0,1.0,0.0,0.0,0.0,0.0,0.0,0.0,0.0,3,4,3,4,0.0,0.0,0.0,0.0,0.0,0.0,0.0,1.0,2.0,0.0,1.0,0.0,0.0,0.0,150,117,95,0,12,10,33,2,0.0,30,70,0,0,0,100,0,100,0,0,2,0.0,0.0,1.0,1.0,0.0,0.0,0.0,0.0,0.0,0.0,0.0,2,2,0.0,1.0,0.0,0.0,0.0,1.0,0.0,0.0,0.0,1.0,663.179245283019,23,0
2023,1,20,1,1,1,0,1,1,0,0,0,0,0,0,0,0,0,0,0,0,0,0,0,0,0.0,0.0,0.0,0.0,1,G,47,2,1,2020,3,2,0.0,3,1,2.0,4.0,0.0,1.0,1.0,5.0,1.0,2.0,2.0,2.0,2.0,1.0,1.0,1.0,1.0,1.0,1.0,1.0,12.0,8.0,10,26,12,2,1.0,1000.0,200.0,0.0,50,0.0,0.0,0.0,0.0,0.0,0.0,0.0,0.0,1.0,4,4,5,5,0.0,0.0,0.0,0.0,0.0,0.0,0.0,1.0,2.0,0.0,0.0,0.0,0.0,1.0,58,56,31,0,25,0,2,2,0.0,20,80,0,0,0,100,0,100,0,0,1,76.0,0.0,0.0,0.0,0.0,0.0,0.0,0.0,0.0,0.0,1.0,1,1,2.0,1.0,0.0,0.0,0.0,0.0,0.0,0.0,0.0,1.0,524.453608247423,37,0
2023,1,20,1,1,1,0,1,1,0,0,0,0,0,0,0,0,0,0,0,0,0,0,0,0,0.0,0.0,0.0,0.0,1,G,47,2,1,2021,5,2,0.0,2,1,2.0,1.0,10.0,5.0,4.0,5.0,4.0,1.0,1.0,1.0,1.0,4.0,3.0,4.0,5.0,4.0,4.0,4.0,23.0,23.0,10,22,12,1,0.0,0.0,0.0,0.0,85,0.0,1.0,1.0,0.0,0.0,0.0,0.0,0.0,0.0,3,4,3,5,0.0,0.0,0.0,0.0,0.0,0.0,0.0,1.0,2.0,1.0,0.0,0.0,0.0,0.0,59,58,46,0,5,7,1,2,0.0,20,80,0,0,0,100,30,70,0,0,2,0.0,1.0,0.0,1.0,0.0,0.0,0.0,0.0,0.0,0.0,0.0,1,1,1.0,1.0,0.0,0.0,0.0,0.0,0.0,0.0,0.0,2.0,307.991596638655,35,0
2023,1,20,1,1,1,0,1,1,0,0,0,0,0,0,0,0,0,0,0,0,0,0,0,0,0.0,0.0,0.0,0.0,1,G,47,2,1,2021,6,2,0.0,4,1,2.0,0.0,6.0,4.0,4.0,4.0,4.0,2.0,2.0,2.0,2.0,3.0,3.0,4.0,3.0,3.0,4.0,4.0,46.0,23.0,12,30,12,2,1.0,1000.0,50.0,0.0,55,0.0,1.0,1.0,0.0,0.0,0.0,0.0,0.0,0.0,3,3,3,3,0.0,0.0,0.0,0.0,0.0,0.0,0.0,1.0,2.0,0.0,1.0,0.0,0.0,0.0,368,331,300,22,7,2,37,2,0.0,20,80,0,0,0,100,0,100,0,0,1,10.0,0.0,0.0,1.0,0.0,0.0,0.0,0.0,0.0,0.0,0.0,2,2,0.0,0.0,0.0,0.0,0.0,1.0,0.0,0.0,0.0,2.0,292.542857142857,34,0
2023,1,20,1,1,1,0,1,1,0,0,0,0,0,0,0,0,0,0,0,0,0,0,0,0,0.0,0.0,0.0,0.0,1,G,47,2,1,2022,1,2,0.0,3,1,3.0,1.0,0.0,3.0,3.0,3.0,3.0,2.0,1.0,2.0,2.0,3.0,3.0,3.0,3.0,3.0,3.0,3.0,38.0,19.0,10,22,12,2,1.0,2000.0,50.0,0.0,92,0.0,0.0,0.0,0.0,0.0,0.0,0.0,0.0,1.0,3,3,2,4,0.0,0.0,0.0,0.0,0.0,0.0,0.0,1.0,2.0,0.0,0.0,0.0,0.0,1.0,36,36,19,0,6,11,0,1,90.0,0,100,0,0,0,100,0,100,0,0,1,9.0,0.0,1.0,1.0,0.0,0.0,0.0,0.0,0.0,0.0,0.0,2,2,0.0,1.0,0.0,0.0,0.0,0.0,0.0,0.0,0.0,2.0,340.865591397849,38,0
2023,1,20,1,1,1,0,1,1,0,0,0,0,0,0,0,0,0,0,0,0,0,0,0,0,0.0,0.0,0.0,0.0,1,G,47,2,1,2022,3,2,0.0,4,1,2.0,0.0,2.0,4.0,4.0,4.0,3.0,2.0,1.0,2.0,2.0,4.0,4.0,4.0,3.0,3.0,4.0,3.0,46.0,46.0,8,26,12,2,1.0,1000.0,30.0,0.0,23,0.0,1.0,1.0,0.0,0.0,0.0,0.0,0.0,0.0,3,3,3,3,0.0,0.0,0.0,0.0,0.0,0.0,0.0,1.0,2.0,0.0,0.0,0.0,0.0,1.0,14,12,7,0,4,1,2,2,0.0,30,70,0,0,0,100,0,100,0,0,2,0.0,0.0,1.0,1.0,0.0,1.0,0.0,0.0,0.0,0.0,0.0,2,2,0.0,0.0,0.0,1.0,0.0,0.0,0.0,0.0,0.0,2.0,396.532110091743,34,0
2023,1,20,1,1,1,0,1,1,0,0,0,0,0,0,0,0,0,0,0,0,0,0,0,0,0.0,0.0,0.0,0.0,1,G,47,2,1,2022,6,2,0.0,3,1,2.0,0.0,6.0,5.0,5.0,3.0,3.0,1.0,1.0,2.0,2.0,3.0,4.0,4.0,2.0,4.0,3.0,3.0,49.0,23.0,11,26,12,2,1.0,1000.0,50.0,0.0,26,0.0,0.0,0.0,0.0,0.0,0.0,0.0,0.0,1.0,2,2,2,2,0.0,0.0,0.0,0.0,0.0,0.0,0.0,1.0,2.0,0.0,0.0,0.0,0.0,1.0,78,63,44,11,6,2,15,2,0.0,0,100,0,0,0,100,0,100,0,0,2,0.0,0.0,0.0,0.0,0.0,1.0,0.0,0.0,0.0,0.0,0.0,2,2,0.0,1.0,0.0,1.0,0.0,0.0,0.0,0.0,0.0,2.0,1141.67592592593,11,0
2023,1,20,1,1,1,0,1,1,0,0,0,0,0,0,0,0,0,0,0,0,0,0,0,0,0.0,0.0,0.0,0.0,1,G,47,2,1,2022,8,2,0.0,3,1,2.0,1.0,0.0,3.0,3.0,3.0,3.0,2.0,1.0,2.0,2.0,3.0,3.0,3.0,3.0,3.0,3.0,3.0,38.0,19.0,10,22,12,2,2.0,0.0,80.0,0.0,99,0.0,0.0,0.0,0.0,0.0,0.0,0.0,0.0,1.0,3,3,2,4,0.0,0.0,0.0,0.0,0.0,0.0,0.0,1.0,2.0,0.0,0.0,0.0,0.0,1.0,50,50,25,0,10,15,0,1,95.0,0,100,0,0,0,100,0,100,0,0,2,0.0,0.0,1.0,1.0,1.0,0.0,0.0,0.0,0.0,0.0,0.0,2,2,0.0,1.0,0.0,0.0,0.0,0.0,0.0,0.0,0.0,2.0,282.132075471698,21,0
2023,1,20,1,1,1,0,1,1,0,0,0,0,0,0,0,0,0,0,0,0,0,0,0,0,0.0,0.0,0.0,0.0,1,G,47,2,3,2021,11,2,0.0,2,2,0.0,0.0,0.0,0.0,0.0,0.0,0.0,0.0,0.0,0.0,0.0,0.0,0.0,0.0,0.0,0.0,0.0,0.0,0.0,0.0,12,24,12,2,1.0,6000.0,150.0,0.0,50,1.0,1.0,0.0,0.0,0.0,1.0,0.0,0.0,0.0,3,3,3,3,0.0,0.0,0.0,0.0,0.0,0.0,0.0,1.0,2.0,0.0,0.0,0.0,0.0,1.0,283,222,199,0,18,5,61,2,0.0,5,95,0,0,0,100,0,100,0,0,1,30.0,0.0,1.0,1.0,1.0,0.0,0.0,0.0,0.0,0.0,0.0,3,2,0.0,1.0,1.0,1.0,0.0,0.0,0.0,0.0,0.0,1.0,1141.67592592593,11,0
2023,1,20,1,1,1,0,1,1,0,0,0,0,0,0,0,0,0,0,0,0,0,0,0,0,0.0,0.0,0.0,0.0,1,I,55,2,1,2022,10,2,0.0,3,1,2.0,1.0,0.0,5.0,5.0,4.0,4.0,1.0,1.0,2.0,1.0,4.0,3.0,4.0,3.0,3.0,3.0,3.0,273.0,182.0,24,30,12,1,0.0,0.0,0.0,0.0,900,0.0,0.0,1.0,0.0,0.0,0.0,0.0,0.0,0.0,3,3,3,3,0.0,0.0,0.0,0.0,0.0,0.0,0.0,1.0,1.0,1.0,0.0,0.0,0.0,0.0,34,20,9,0,0,11,14,1,100.0,1,99,0,0,0,100,0,100,0,0,1,111.0,0.0,1.0,0.0,0.0,0.0,0.0,0.0,0.0,0.0,0.0,1,1,3.0,1.0,0.0,1.0,0.0,1.0,0.0,0.0,0.0,2.0,46.3921568627451,37,0
2023,1,20,1,1,1,0,1,1,0,0,0,0,0,0,0,0,0,0,0,0,0,0,0,0,0.0,0.0,0.0,0.0,1,I,56,1,1,2020,9,2,0.0,4,1,2.0,0.0,1.0,4.0,4.0,4.0,4.0,2.0,2.0,2.0,2.0,3.0,3.0,3.0,3.0,3.0,3.0,3.0,45.0,45.0,10,25,12,2,1.0,2000.0,90.0,0.0,42,0.0,0.0,0.0,0.0,0.0,0.0,0.0,0.0,1.0,5,4,4,4,1.0,0.0,0.0,0.0,0.0,0.0,0.0,0.0,0.0,0.0,0.0,0.0,0.0,1.0,360,169,152,0,11,6,191,1,100.0,0,50,50,0,0,100,0,100,0,0,2,0.0,0.0,0.0,0.0,0.0,0.0,0.0,0.0,1.0,0.0,0.0,1,2,0.0,0.0,0.0,0.0,1.0,0.0,0.0,0.0,0.0,2.0,544.787878787879,33,0
2023,1,20,1,1,1,0,1,1,0,0,0,0,0,0,0,0,0,0,0,0,0,0,0,0,0.0,0.0,0.0,0.0,1,I,56,1,1,2022,7,2,0.0,3,1,3.0,0.0,9.0,3.0,5.0,5.0,5.0,2.0,1.0,1.0,1.0,4.0,4.0,3.0,2.0,1.0,2.0,4.0,55.0,9.0,10,30,12,2,1.0,2000.0,140.0,0.0,85,0.0,0.0,0.0,0.0,0.0,0.0,0.0,0.0,1.0,4,3,4,5,1.0,0.0,0.0,0.0,0.0,0.0,0.0,0.0,0.0,0.0,0.0,0.0,0.0,1.0,130,86,66,0,17,3,44,2,0.0,10,90,0,0,0,100,0,100,0,0,1,67.0,0.0,1.0,1.0,0.0,0.0,1.0,0.0,0.0,0.0,0.0,2,2,0.0,1.0,0.0,0.0,0.0,0.0,1.0,1.0,0.0,2.0,426.966666666667,24,0
2023,1,20,1,1,1,0,1,1,0,0,0,0,0,0,0,0,0,0,0,0,0,0,0,0,0.0,0.0,0.0,0.0,1,I,56,1,2,2020,9,2,0.0,4,1,0.0,0.0,0.0,0.0,0.0,0.0,0.0,0.0,0.0,0.0,0.0,0.0,0.0,0.0,0.0,0.0,0.0,0.0,0.0,0.0,8,26,12,2,3.0,2700.0,0.0,0.0,33,0.0,0.0,0.0,0.0,0.0,0.0,0.0,0.0,1.0,4,4,3,3,0.0,0.0,0.0,0.0,0.0,0.0,0.0,1.0,2.0,0.0,0.0,0.0,0.0,1.0,70,51,34,0,0,17,19,2,0.0,20,80,0,0,0,100,0,100,0,0,1,30.0,0.0,0.0,0.0,0.0,0.0,0.0,0.0,1.0,0.0,0.0,1,1,1.0,0.0,0.0,1.0,0.0,1.0,0.0,0.0,0.0,2.0,451.206896551724,32,0
2023,1,20,1,1,1,0,1,1,0,0,0,0,0,0,0,0,0,0,0,0,0,0,0,0,0.0,0.0,0.0,0.0,1,I,56,2,1,2022,5,2,0.0,2,1,2.0,0.0,6.0,5.0,5.0,4.0,3.0,2.0,1.0,2.0,2.0,5.0,4.0,4.0,3.0,3.0,4.0,4.0,45.0,45.0,10,26,12,2,1.0,1500.0,100.0,0.0,33,1.0,1.0,0.0,0.0,0.0,0.0,0.0,0.0,0.0,3,4,4,4,0.0,0.0,0.0,0.0,0.0,0.0,0.0,1.0,2.0,0.0,1.0,0.0,0.0,0.0,70,54,21,0,13,20,16,2,0.0,5,95,0,0,0,100,0,100,0,0,1,50.0,0.0,1.0,1.0,0.0,1.0,0.0,0.0,0.0,0.0,0.0,2,1,3.0,1.0,0.0,1.0,0.0,0.0,0.0,0.0,0.0,2.0,781.316666666667,11,0
2023,1,20,1,1,1,0,1,1,0,0,0,0,0,0,0,0,0,0,0,0,0,0,0,0,0.0,0.0,0.0,0.0,1,J,58,2,1,2022,3,2,0.0,4,1,2.0,1.0,0.0,3.0,4.0,3.0,4.0,1.0,1.0,1.0,1.0,3.0,3.0,4.0,5.0,3.0,4.0,3.0,65.0,36.0,10,22,12,2,1.0,8000.0,10.0,0.0,36,0.0,0.0,0.0,0.0,0.0,0.0,0.0,0.0,1.0,3,3,5,4,0.0,0.0,0.0,0.0,0.0,0.0,0.0,1.0,1.0,0.0,0.0,1.0,0.0,0.0,7,5,3,0,2,0,2,2,0.0,80,20,0,0,0,100,0,100,0,0,1,50.0,0.0,1.0,0.0,0.0,1.0,0.0,0.0,0.0,1.0,0.0,1,1,3.0,0.0,0.0,1.0,0.0,1.0,1.0,0.0,0.0,2.0,23.5,37,0
2023,1,20,1,1,1,0,1,1,0,0,0,0,0,0,0,0,0,0,0,0,0,0,0,0,0.0,0.0,0.0,0.0,1,J,62,2,1,2017,2,2,0.0,3,1,1.0,1.0,0.0,5.0,4.0,4.0,3.0,1.0,1.0,1.0,1.0,4.0,3.0,4.0,5.0,4.0,3.0,4.0,65.0,65.0,8,22,12,2,1.0,1000.0,70.0,0.0,89,1.0,0.0,1.0,0.0,0.0,0.0,0.0,0.0,0.0,4,3,4,4,0.0,0.0,1.0,0.0,0.0,0.0,0.0,0.0,0.0,0.0,0.0,0.0,0.0,1.0,71,71,36,26,9,0,0,2,0.0,50,50,0,0,0,100,50,50,0,0,1,111.0,0.0,0.0,0.0,1.0,0.0,0.0,0.0,0.0,0.0,0.0,2,2,0.0,1.0,1.0,1.0,0.0,0.0,0.0,0.0,0.0,2.0,84.5412844036697,11,0
2023,1,20,1,1,1,0,1,1,0,0,0,0,0,0,0,0,0,0,0,0,0,0,0,0,0.0,0.0,0.0,0.0,1,J,62,2,1,2022,2,2,0.0,4,1,2.0,3.0,0.0,4.0,4.0,5.0,4.0,2.0,2.0,2.0,2.0,3.0,4.0,3.0,4.0,4.0,4.0,4.0,58.0,36.0,7,26,10,2,1.0,1000.0,20.0,0.0,39,0.0,0.0,0.0,0.0,0.0,0.0,0.0,0.0,1.0,4,4,3,3,0.0,0.0,0.0,0.0,0.0,0.0,0.0,1.0,2.0,1.0,0.0,0.0,0.0,0.0,21,14,9,0,3,2,7,2,0.0,20,80,0,0,0,100,0,100,0,0,1,40.0,0.0,1.0,1.0,0.0,0.0,0.0,0.0,0.0,0.0,0.0,2,2,0.0,0.0,0.0,1.0,0.0,0.0,0.0,0.0,0.0,2.0,15.3235294117647,32,0
2023,1,20,1,1,1,0,1,1,0,0,0,0,0,0,0,0,0,0,0,0,0,0,0,0,0.0,0.0,0.0,0.0,1,J,62,2,1,2022,5,2,0.0,2,2,2.0,0.0,6.0,5.0,5.0,5.0,3.0,2.0,2.0,2.0,2.0,5.0,5.0,5.0,5.0,5.0,5.0,5.0,7.0,7.0,8,22,12,2,2.0,0.0,35.0,0.0,33,1.0,1.0,1.0,0.0,0.0,0.0,0.0,0.0,0.0,5,5,5,5,0.0,0.0,0.0,0.0,0.0,0.0,0.0,1.0,2.0,0.0,0.0,0.0,0.0,1.0,25,25,1,0,15,9,0,2,0.0,100,0,0,0,0,100,10,90,0,0,1,37.0,0.0,0.0,0.0,0.0,1.0,0.0,0.0,1.0,0.0,0.0,1,2,0.0,1.0,0.0,0.0,0.0,0.0,0.0,0.0,0.0,2.0,5.55555555555556,35,0
2023,1,20,1,1,1,0,1,1,0,0,0,0,0,0,0,0,0,0,0,0,0,0,0,0,0.0,0.0,0.0,0.0,1,J,63,1,2,2022,2,2,0.0,3,1,0.0,0.0,0.0,0.0,0.0,0.0,0.0,0.0,0.0,0.0,0.0,0.0,0.0,0.0,0.0,0.0,0.0,0.0,0.0,0.0,8,26,12,2,1.0,3000.0,130.0,0.0,66,0.0,1.0,1.0,0.0,0.0,0.0,0.0,0.0,0.0,4,5,4,5,0.0,0.0,0.0,0.0,0.0,0.0,0.0,1.0,1.0,0.0,0.0,0.0,0.0,1.0,58,48,16,0,16,16,10,2,0.0,20,80,0,0,0,100,0,100,0,0,1,10.0,0.0,0.0,1.0,0.0,1.0,1.0,0.0,0.0,0.0,0.0,2,1,1.0,1.0,0.0,1.0,0.0,1.0,0.0,0.0,0.0,2.0,4.92134831460674,21,0
2023,1,20,1,1,1,0,1,1,0,0,0,0,0,0,0,0,0,0,0,0,0,0,0,0,0.0,0.0,0.0,0.0,1,J,63,2,1,2019,2,2,0.0,3,1,1.0,1.0,0.0,4.0,4.0,3.0,4.0,1.0,1.0,1.0,1.0,4.0,3.0,4.0,3.0,4.0,3.0,4.0,65.0,65.0,8,22,12,2,1.0,2000.0,100.0,0.0,87,0.0,0.0,0.0,0.0,0.0,0.0,0.0,0.0,1.0,3,2,3,3,0.0,0.0,0.0,0.0,0.0,0.0,0.0,1.0,1.0,0.0,0.0,0.0,0.0,1.0,38,38,18,0,13,7,0,2,0.0,0,100,0,0,0,100,50,50,0,0,1,63.0,1.0,1.0,1.0,0.0,0.0,0.0,0.0,0.0,0.0,0.0,1,2,0.0,1.0,1.0,1.0,0.0,0.0,0.0,0.0,0.0,2.0,29.0596026490066,31,0
2023,1,20,1,1,1,0,1,1,0,0,0,0,0,0,0,0,0,0,0,0,0,0,0,0,0.0,0.0,0.0,0.0,1,J,63,2,1,2019,3,2,0.0,3,1,3.0,0.0,7.0,3.0,5.0,2.0,3.0,2.0,1.0,2.0,1.0,5.0,5.0,5.0,3.0,3.0,3.0,5.0,30.0,30.0,5,30,12,2,1.0,1000.0,40.0,0.0,33,0.0,0.0,0.0,0.0,0.0,0.0,0.0,0.0,1.0,2,2,1,2,0.0,0.0,0.0,0.0,0.0,0.0,0.0,1.0,2.0,0.0,0.0,0.0,0.0,1.0,13,7,0,0,5,2,6,2,0.0,80,20,0,0,0,100,0,100,0,0,1,10.0,0.0,1.0,0.0,0.0,1.0,0.0,0.0,0.0,0.0,0.0,2,2,0.0,0.0,0.0,1.0,0.0,0.0,0.0,0.0,0.0,2.0,33.4965986394558,11,0
2023,1,20,1,1,1,0,1,1,0,0,0,0,0,0,0,0,0,0,0,0,0,0,0,0,0.0,0.0,0.0,0.0,1,J,63,2,1,2020,4,2,0.0,2,1,1.0,1.0,0.0,5.0,4.0,5.0,4.0,1.0,1.0,1.0,1.0,4.0,3.0,4.0,3.0,4.0,4.0,4.0,72.0,72.0,8,22,12,2,1.0,1000.0,150.0,0.0,87,0.0,0.0,0.0,0.0,0.0,0.0,0.0,0.0,1.0,4,3,4,3,0.0,0.0,0.0,0.0,0.0,0.0,0.0,1.0,2.0,0.0,0.0,0.0,0.0,1.0,38,38,16,4,18,0,0,2,0.0,0,100,0,0,0,100,0,100,0,0,2,0.0,1.0,1.0,1.0,0.0,0.0,0.0,0.0,0.0,0.0,0.0,1,2,0.0,1.0,1.0,1.0,0.0,0.0,0.0,0.0,0.0,2.0,29.0596026490066,31,0
2023,1,20,1,1,1,0,1,1,0,0,0,0,0,0,0,0,0,0,0,0,0,0,0,0,0.0,0.0,0.0,0.0,1,M,71,1,1,2022,12,2,0.0,2,1,2.0,1.0,6.0,3.0,5.0,5.0,1.0,1.0,1.0,1.0,2.0,1.0,1.0,3.0,3.0,3.0,1.0,1.0,89.0,89.0,12,30,6,2,1.0,3000.0,360.0,0.0,165,0.0,1.0,0.0,0.0,0.0,0.0,0.0,0.0,0.0,5,5,5,5,0.0,0.0,0.0,0.0,0.0,0.0,0.0,1.0,2.0,0.0,0.0,0.0,0.0,1.0,1319,947,66,0,44,837,372,2,0.0,10,90,0,0,0,100,0,100,0,0,1,10.0,0.0,0.0,0.0,0.0,1.0,0.0,0.0,0.0,0.0,0.0,2,1,2.0,1.0,0.0,0.0,0.0,0.0,0.0,0.0,0.0,2.0,211.661290322581,11,0
2023,1,20,1,1,1,0,1,1,0,0,0,0,0,0,0,0,0,0,0,0,0,0,0,0,0.0,0.0,0.0,0.0,1,M,71,2,1,2016,4,2,0.0,3,1,0.0,0.0,0.0,0.0,0.0,0.0,0.0,0.0,0.0,0.0,0.0,0.0,0.0,0.0,0.0,0.0,0.0,0.0,0.0,0.0,8,22,12,2,1.0,3000.0,130.0,0.0,70,0.0,0.0,0.0,0.0,0.0,1.0,0.0,0.0,0.0,4,3,4,3,0.0,0.0,0.0,0.0,0.0,0.0,0.0,1.0,2.0,0.0,0.0,0.0,0.0,1.0,40,37,4,13,16,4,3,2,0.0,100,0,0,0,0,100,50,50,0,0,1,15.0,1.0,1.0,0.0,1.0,0.0,0.0,0.0,0.0,0.0,0.0,2,2,0.0,1.0,1.0,1.0,0.0,0.0,0.0,0.0,0.0,2.0,115.035294117647,31,0
2023,1,20,1,1,1,0,1,1,0,0,0,0,0,0,0,0,0,0,0,0,0,0,0,0,0.0,0.0,0.0,0.0,1,M,72,2,1,2020,12,2,0.0,4,1,1.0,0.0,6.0,4.0,4.0,4.0,4.0,2.0,2.0,2.0,2.0,3.0,4.0,4.0,4.0,1.0,4.0,4.0,9.0,9.0,8,22,12,2,5.0,0.0,0.0,0.0,33,0.0,0.0,0.0,0.0,0.0,0.0,0.0,0.0,1.0,5,5,5,5,0.0,0.0,0.0,0.0,0.0,0.0,0.0,1.0,2.0,0.0,0.0,0.0,0.0,1.0,47,48,16,0,0,32,-1,2,0.0,100,0,0,0,0,100,100,0,0,0,1,50.0,0.0,1.0,0.0,0.0,0.0,0.0,0.0,0.0,0.0,0.0,1,2,0.0,0.0,0.0,0.0,1.0,1.0,0.0,0.0,0.0,2.0,267.277777777778,31,0
2023,1,20,1,1,1,0,1,1,0,0,0,0,0,0,0,0,0,0,0,0,0,0,0,0,0.0,0.0,0.0,0.0,1,M,73,2,1,2020,3,2,0.0,4,1,2.0,1.0,2.0,3.0,4.0,4.0,2.0,2.0,1.0,2.0,2.0,4.0,2.0,2.0,3.0,1.0,2.0,4.0,45.0,9.0,9,26,12,2,1.0,1000.0,120.0,0.0,40,0.0,0.0,0.0,0.0,0.0,0.0,0.0,0.0,1.0,5,4,5,5,0.0,0.0,0.0,0.0,0.0,0.0,0.0,1.0,1.0,0.0,0.0,0.0,0.0,1.0,70,62,46,0,15,1,8,2,0.0,10,90,0,0,0,100,0,100,0,0,1,124.0,0.0,1.0,1.0,0.0,1.0,0.0,0.0,0.0,0.0,0.0,1,1,1.0,0.0,1.0,0.0,1.0,1.0,0.0,0.0,0.0,2.0,27.047619047619,24,0
2023,1,20,1,1,1,0,1,1,0,0,0,0,0,0,0,0,0,0,0,0,0,0,0,0,0.0,0.0,0.0,0.0,1,M,73,2,1,2020,7,1,1.0,2,2,2.0,0.0,3.0,4.0,4.0,3.0,3.0,2.0,2.0,2.0,2.0,3.0,4.0,4.0,3.0,2.0,2.0,3.0,27.0,27.0,14,30,12,2,1.0,1000.0,20.0,0.0,99,0.0,0.0,0.0,0.0,0.0,0.0,0.0,0.0,1.0,5,4,4,4,0.0,0.0,0.0,0.0,0.0,0.0,0.0,1.0,1.0,0.0,0.0,0.0,0.0,1.0,18,17,3,0,3,11,1,2,0.0,10,90,0,0,0,100,0,100,0,0,2,0.0,1.0,0.0,0.0,0.0,0.0,0.0,0.0,0.0,0.0,0.0,2,1,2.0,1.0,0.0,1.0,0.0,0.0,0.0,0.0,0.0,2.0,23.4509803921569,37,0
2023,1,20,1,1,1,0,1,1,0,0,0,0,0,0,0,0,0,0,0,0,0,0,0,0,0.0,0.0,0.0,0.0,1,M,73,2,2,2019,11,2,0.0,3,1,0.0,0.0,0.0,0.0,0.0,0.0,0.0,0.0,0.0,0.0,0.0,0.0,0.0,0.0,0.0,0.0,0.0,0.0,0.0,0.0,11,30,12,2,1.0,500.0,40.0,0.0,20,0.0,1.0,0.0,0.0,0.0,0.0,0.0,0.0,0.0,4,5,4,4,0.0,0.0,0.0,0.0,0.0,0.0,0.0,1.0,2.0,1.0,0.0,0.0,0.0,0.0,21,15,8,0,5,2,6,2,0.0,5,90,5,0,0,100,0,100,0,0,1,5.0,0.0,0.0,0.0,0.0,1.0,0.0,0.0,0.0,0.0,0.0,2,1,2.0,1.0,0.0,0.0,0.0,0.0,0.0,0.0,0.0,2.0,18.0103092783505,38,0
2023,1,20,1,1,1,0,1,1,0,0,0,0,0,0,0,0,0,0,0,0,0,0,0,0,0.0,0.0,0.0,0.0,1,M,73,2,3,2016,3,2,0.0,3,1,0.0,0.0,0.0,0.0,0.0,0.0,0.0,0.0,0.0,0.0,0.0,0.0,0.0,0.0,0.0,0.0,0.0,0.0,0.0,0.0,8,25,12,2,1.0,2000.0,40.0,0.0,50,1.0,1.0,0.0,0.0,0.0,0.0,0.0,0.0,0.0,4,5,4,4,0.0,0.0,0.0,0.0,0.0,0.0,0.0,1.0,2.0,0.0,0.0,0.0,0.0,1.0,42,41,34,0,5,2,1,2,0.0,20,80,0,0,0,100,0,100,0,0,2,0.0,0.0,0.0,0.0,0.0,1.0,0.0,0.0,0.0,0.0,0.0,1,1,2.0,0.0,0.0,1.0,0.0,0.0,0.0,0.0,0.0,2.0,25.2894736842105,22,0
2023,1,20,1,1,1,0,1,1,0,0,0,0,0,0,0,0,0,0,0,0,0,0,0,0,0.0,0.0,0.0,0.0,1,N,74,2,1,2011,11,2,0.0,3,1,0.0,0.0,0.0,0.0,0.0,0.0,0.0,0.0,0.0,0.0,0.0,0.0,0.0,0.0,0.0,0.0,0.0,0.0,0.0,0.0,8,26,12,2,1.0,1000.0,10.0,0.0,88,0.0,0.0,0.0,0.0,0.0,0.0,0.0,0.0,1.0,5,4,5,4,0.0,0.0,0.0,0.0,0.0,0.0,0.0,1.0,2.0,0.0,0.0,0.0,0.0,1.0,2,2,1,0,1,0,0,2,0.0,100,0,0,0,0,100,0,100,0,0,1,4.0,1.0,1.0,0.0,0.0,0.0,0.0,0.0,0.0,1.0,0.0,1,2,0.0,1.0,0.0,1.0,1.0,0.0,0.0,0.0,0.0,2.0,56.5060240963855,11,0
2023,1,20,1,1,1,0,1,1,0,0,0,0,0,0,0,0,0,0,0,0,0,0,0,0,0.0,0.0,0.0,0.0,1,N,74,2,1,2014,4,2,0.0,3,1,0.0,0.0,0.0,0.0,0.0,0.0,0.0,0.0,0.0,0.0,0.0,0.0,0.0,0.0,0.0,0.0,0.0,0.0,0.0,0.0,8,24,12,2,1.0,3000.0,1000.0,0.0,1221,0.0,0.0,0.0,0.0,0.0,0.0,0.0,0.0,1.0,3,3,3,3,0.0,0.0,0.0,0.0,0.0,0.0,0.0,1.0,2.0,0.0,0.0,0.0,0.0,1.0,300,300,60,0,120,120,0,2,0.0,0,100,0,0,0,100,0,100,0,0,2,0.0,1.0,0.0,0.0,1.0,1.0,0.0,0.0,0.0,0.0,0.0,2,2,0.0,1.0,1.0,1.0,0.0,0.0,0.0,0.0,0.0,2.0,28.4,38,0
2023,1,20,1,1,1,0,1,1,0,0,0,0,0,0,0,0,0,0,0,0,0,0,0,0,0.0,0.0,0.0,0.0,1,N,74,2,1,2015,9,2,0.0,3,1,0.0,0.0,0.0,0.0,0.0,0.0,0.0,0.0,0.0,0.0,0.0,0.0,0.0,0.0,0.0,0.0,0.0,0.0,0.0,0.0,10,30,12,2,1.0,1000.0,12.0,0.0,89,0.0,0.0,0.0,0.0,0.0,0.0,0.0,0.0,1.0,5,4,5,4,0.0,0.0,0.0,0.0,0.0,0.0,0.0,1.0,2.0,0.0,0.0,0.0,0.0,1.0,4,3,1,0,1,1,1,2,0.0,100,0,0,0,0,100,0,100,0,0,2,0.0,1.0,1.0,1.0,0.0,0.0,0.0,0.0,0.0,0.0,0.0,1,2,0.0,1.0,0.0,1.0,1.0,0.0,0.0,0.0,0.0,2.0,56.5060240963855,11,0
2023,1,20,1,1,1,0,1,1,0,0,0,0,0,0,0,0,0,0,0,0,0,0,0,0,0.0,0.0,0.0,0.0,1,N,75,2,1,2019,1,2,0.0,4,1,2.0,0.0,1.0,3.0,3.0,4.0,3.0,2.0,2.0,2.0,2.0,4.0,4.0,4.0,4.0,4.0,4.0,4.0,1.0,1.0,8,20,12,2,2.0,0.0,40.0,0.0,66,0.0,0.0,0.0,0.0,0.0,0.0,0.0,0.0,1.0,1,1,1,1,0.0,0.0,0.0,0.0,0.0,0.0,0.0,1.0,2.0,0.0,0.0,0.0,0.0,1.0,87,73,21,0,5,47,14,2,0.0,100,0,0,0,0,100,50,0,0,50,1,288.0,0.0,1.0,0.0,0.0,0.0,0.0,0.0,1.0,0.0,0.0,1,2,0.0,1.0,0.0,1.0,0.0,0.0,0.0,0.0,0.0,2.0,30.1885245901639,37,0
2023,1,20,1,1,1,0,1,1,0,0,0,0,0,0,0,0,0,0,0,0,0,0,0,0,0.0,0.0,0.0,0.0,1,N,75,2,1,2022,1,2,0.0,4,1,2.0,0.0,1.0,2.0,2.0,2.0,2.0,1.0,1.0,1.0,2.0,2.0,2.0,2.0,2.0,2.0,2.0,2.0,2.0,2.0,5,26,12,2,3.0,400.0,0.0,0.0,33,0.0,0.0,0.0,0.0,0.0,0.0,0.0,0.0,1.0,2,2,2,2,0.0,0.0,0.0,0.0,0.0,0.0,0.0,1.0,2.0,0.0,0.0,0.0,0.0,1.0,23,19,15,0,0,4,4,2,0.0,100,0,0,0,0,100,100,0,0,0,1,41.0,0.0,0.0,0.0,0.0,0.0,0.0,0.0,1.0,0.0,0.0,2,2,0.0,1.0,0.0,0.0,0.0,0.0,0.0,0.0,0.0,2.0,54.06,23,0
2023,1,20,1,1,1,0,1,1,0,0,0,0,0,0,0,0,0,0,0,0,0,0,0,0,0.0,0.0,0.0,0.0,1,N,75,2,2,2021,10,2,0.0,4,1,0.0,0.0,0.0,0.0,0.0,0.0,0.0,0.0,0.0,0.0,0.0,0.0,0.0,0.0,0.0,0.0,0.0,0.0,0.0,0.0,8,20,12,2,2.0,0.0,80.0,0.0,59,0.0,0.0,0.0,0.0,0.0,0.0,0.0,0.0,1.0,3,4,5,4,0.0,0.0,0.0,0.0,0.0,0.0,0.0,1.0,2.0,0.0,0.0,0.0,0.0,1.0,21,17,6,0,10,1,4,2,0.0,100,0,0,0,0,100,100,0,0,0,1,82.0,0.0,1.0,0.0,0.0,1.0,0.0,1.0,0.0,0.0,0.0,2,2,0.0,1.0,1.0,0.0,0.0,1.0,0.0,0.0,0.0,2.0,155.129770992366,11,0
2023,1,20,1,1,1,0,1,1,0,0,0,0,0,0,0,0,0,0,0,0,0,0,0,0,0.0,0.0,0.0,0.0,1,N,76,2,1,2018,10,2,0.0,4,1,2.0,0.0,6.0,4.0,4.0,4.0,3.0,2.0,1.0,2.0,2.0,4.0,4.0,5.0,5.0,4.0,4.0,4.0,26.0,26.0,8,20,4,2,2.0,0.0,10.0,0.0,33,0.0,0.0,0.0,0.0,0.0,0.0,0.0,0.0,1.0,3,3,3,3,0.0,0.0,0.0,0.0,0.0,0.0,0.0,1.0,2.0,0.0,0.0,0.0,0.0,1.0,2,3,1,0,2,0,-1,1,100.0,0,100,0,0,0,100,0,100,0,0,1,4.0,1.0,0.0,0.0,0.0,0.0,0.0,0.0,1.0,0.0,0.0,2,2,0.0,1.0,0.0,1.0,0.0,0.0,0.0,1.0,0.0,0.0,148.222222222222,31,1
2023,1,20,1,1,1,0,1,1,0,0,0,0,0,0,0,0,0,0,0,0,0,0,0,0,0.0,0.0,0.0,0.0,1,N,76,2,1,2019,2,2,0.0,3,1,1.0,1.0,0.0,5.0,4.0,4.0,5.0,1.0,1.0,1.0,1.0,4.0,3.0,4.0,3.0,4.0,3.0,4.0,745.0,522.0,8,22,12,1,0.0,0.0,0.0,0.0,200,0.0,0.0,0.0,0.0,0.0,0.0,0.0,0.0,1.0,3,2,4,3,0.0,0.0,0.0,0.0,0.0,1.0,0.0,0.0,0.0,0.0,0.0,0.0,0.0,1.0,200,168,80,79,0,9,32,2,0.0,100,0,0,0,0,100,0,100,0,0,1,436.0,1.0,1.0,1.0,0.0,0.0,0.0,0.0,0.0,0.0,0.0,3,2,0.0,1.0,1.0,1.0,0.0,0.0,0.0,0.0,0.0,2.0,148.222222222222,31,0
2023,1,20,1,1,1,0,1,1,0,0,0,0,0,0,0,0,0,0,0,0,0,0,0,0,0.0,0.0,0.0,0.0,1,P,85,2,1,2022,11,2,0.0,3,1,3.0,0.0,1.0,3.0,5.0,3.0,2.0,2.0,2.0,2.0,2.0,5.0,4.0,4.0,1.0,1.0,4.0,4.0,80.0,74.0,5,20,12,2,1.0,4000.0,40.0,0.0,198,0.0,0.0,1.0,0.0,0.0,0.0,0.0,0.0,0.0,5,5,3,5,0.0,0.0,0.0,0.0,0.0,0.0,0.0,1.0,2.0,0.0,0.0,0.0,0.0,1.0,35,7,1,0,5,1,28,2,0.0,5,95,0,0,0,100,0,100,0,0,1,59.0,0.0,0.0,0.0,0.0,1.0,1.0,0.0,0.0,0.0,0.0,2,2,0.0,1.0,0.0,1.0,0.0,0.0,0.0,0.0,0.0,2.0,139.189189189189,33,0
2023,1,20,1,1,1,0,1,1,0,0,0,0,0,0,0,0,0,0,0,0,0,0,0,0,0.0,0.0,0.0,0.0,1,R,90,2,1,2022,1,2,0.0,4,1,2.0,0.0,6.0,3.0,4.0,3.0,3.0,2.0,1.0,1.0,1.0,4.0,3.0,4.0,3.0,2.0,2.0,2.0,71.0,71.0,8,22,12,1,0.0,0.0,0.0,0.0,33,0.0,1.0,0.0,0.0,0.0,0.0,0.0,0.0,0.0,3,2,2,2,0.0,0.0,0.0,0.0,0.0,0.0,0.0,1.0,2.0,0.0,0.0,0.0,0.0,1.0,40,37,22,0,0,15,3,2,0.0,20,80,0,0,0,100,0,100,0,0,1,42.0,0.0,1.0,0.0,0.0,0.0,0.0,0.0,0.0,0.0,0.0,1,1,2.0,1.0,0.0,1.0,0.0,0.0,0.0,0.0,0.0,2.0,20.3404255319149,23,0
2023,1,20,1,1,1,0,1,1,0,0,0,0,0,0,0,0,0,0,0,0,0,0,0,0,0.0,0.0,0.0,0.0,1,R,90,2,1,2022,9,2,0.0,3,1,2.0,1.0,6.0,4.0,4.0,4.0,3.0,1.0,1.0,1.0,1.0,4.0,5.0,5.0,5.0,4.0,4.0,4.0,71.0,28.0,10,25,12,2,1.0,2000.0,100.0,0.0,190,0.0,1.0,1.0,0.0,0.0,0.0,0.0,0.0,0.0,4,4,3,3,0.0,0.0,0.0,0.0,0.0,1.0,0.0,0.0,0.0,0.0,0.0,0.0,0.0,1.0,55,41,3,24,13,1,14,1,30.0,40,50,10,0,0,100,0,100,0,0,1,30.0,0.0,1.0,1.0,1.0,0.0,0.0,0.0,0.0,0.0,0.0,2,2,0.0,1.0,0.0,0.0,0.0,1.0,0.0,0.0,0.0,2.0,13.4473684210526,34,0
2023,1,20,1,1,1,0,1,1,0,0,0,0,0,0,0,0,0,0,0,0,0,0,0,0,0.0,0.0,0.0,0.0,1,R,91,2,1,2018,6,2,0.0,3,1,2.0,1.0,2.0,5.0,5.0,4.0,4.0,1.0,1.0,1.0,2.0,5.0,5.0,4.0,5.0,4.0,3.0,4.0,138.0,138.0,12,26,12,2,1.0,3000.0,120.0,0.0,33,0.0,0.0,0.0,0.0,0.0,0.0,0.0,0.0,1.0,2,1,1,1,0.0,0.0,0.0,0.0,0.0,0.0,0.0,1.0,2.0,0.0,0.0,0.0,0.0,1.0,52,38,18,0,15,5,14,2,0.0,0,100,0,0,0,100,0,100,0,0,1,40.0,0.0,1.0,0.0,0.0,1.0,0.0,0.0,0.0,0.0,0.0,1,1,1.0,0.0,0.0,1.0,0.0,0.0,0.0,0.0,0.0,2.0,58.6666666666667,38,0
2023,1,20,1,1,1,0,1,1,0,0,0,0,0,0,0,0,0,0,0,0,0,0,0,0,0.0,0.0,0.0,0.0,1,R,91,2,1,2022,5,2,0.0,3,1,2.0,0.0,6.0,5.0,5.0,5.0,5.0,1.0,1.0,1.0,1.0,1.0,1.0,1.0,1.0,1.0,1.0,1.0,21.0,21.0,8,30,12,2,1.0,500.0,30.0,0.0,33,0.0,0.0,0.0,0.0,0.0,0.0,0.0,0.0,1.0,5,5,5,5,0.0,0.0,0.0,0.0,0.0,0.0,0.0,1.0,2.0,0.0,0.0,0.0,0.0,1.0,37,34,12,0,4,18,3,2,0.0,40,60,0,0,0,100,0,100,0,0,1,29.0,0.0,1.0,0.0,0.0,0.0,0.0,0.0,0.0,0.0,0.0,2,1,2.0,1.0,0.0,0.0,0.0,0.0,0.0,0.0,0.0,2.0,17.9722222222222,39,0
2023,1,20,1,1,1,0,1,1,0,0,0,0,0,0,0,0,0,0,0,0,0,0,0,0,0.0,0.0,0.0,0.0,1,R,91,2,3,2018,12,2,0.0,3,1,0.0,0.0,0.0,0.0,0.0,0.0,0.0,0.0,0.0,0.0,0.0,0.0,0.0,0.0,0.0,0.0,0.0,0.0,0.0,0.0,7,26,12,2,1.0,1000.0,130.0,0.0,150,0.0,0.0,0.0,0.0,0.0,0.0,0.0,0.0,1.0,3,4,3,3,0.0,0.0,0.0,0.0,0.0,0.0,0.0,1.0,2.0,1.0,0.0,0.0,0.0,0.0,42,32,2,13,16,1,10,2,0.0,30,70,0,0,0,100,0,100,0,0,2,0.0,1.0,1.0,0.0,0.0,0.0,0.0,0.0,0.0,0.0,0.0,2,2,0.0,0.0,0.0,1.0,0.0,0.0,0.0,0.0,0.0,2.0,129.61320754717,11,0
2023,1,20,1,1,1,0,1,1,0,0,0,0,0,0,0,0,0,0,0,0,0,0,0,0,0.0,0.0,0.0,0.0,1,S,95,1,1,2021,8,2,0.0,4,1,2.0,0.0,5.0,3.0,3.0,3.0,3.0,2.0,1.0,1.0,2.0,3.0,3.0,3.0,3.0,2.0,3.0,2.0,247.0,52.0,24,30,12,2,2.0,0.0,90.0,0.0,46,1.0,1.0,0.0,0.0,0.0,0.0,0.0,0.0,0.0,3,3,3,3,0.0,0.0,0.0,0.0,0.0,0.0,0.0,1.0,2.0,0.0,0.0,0.0,0.0,1.0,126,97,41,0,11,45,29,2,0.0,10,90,0,0,0,100,0,100,0,0,1,542.0,0.0,1.0,0.0,0.0,0.0,1.0,0.0,1.0,0.0,0.0,1,1,1.0,1.0,0.0,0.0,0.0,1.0,0.0,0.0,0.0,2.0,65.6808510638298,33,0
2023,1,20,1,1,1,0,1,1,0,0,0,0,0,0,0,0,0,0,0,0,0,0,0,0,0.0,0.0,0.0,0.0,1,S,96,2,1,2022,8,2,0.0,4,1,1.0,2.0,3.0,3.0,3.0,3.0,3.0,2.0,2.0,2.0,2.0,3.0,2.0,2.0,4.0,3.0,3.0,3.0,78.0,39.0,12,25,12,2,1.0,3500.0,120.0,0.0,85,0.0,0.0,0.0,0.0,0.0,0.0,0.0,0.0,1.0,3,3,3,3,0.0,0.0,0.0,0.0,0.0,0.0,0.0,1.0,2.0,1.0,0.0,0.0,0.0,0.0,40,31,10,0,15,6,9,2,0.0,2,98,0,0,0,100,0,100,0,0,1,20.0,1.0,1.0,0.0,0.0,0.0,0.0,0.0,0.0,0.0,0.0,2,2,0.0,0.0,0.0,1.0,0.0,0.0,0.0,0.0,0.0,0.0,1080.4,11,1
2023,1,20,1,1,1,0,1,1,0,0,0,0,0,0,0,0,0,0,0,0,0,0,0,0,0.0,0.0,0.0,0.0,2,C,28,2,1,2017,9,1,1.0,3,1,2.0,1.0,0.0,2.0,2.0,4.0,2.0,2.0,2.0,2.0,2.0,3.0,3.0,3.0,3.0,3.0,3.0,3.0,188.0,188.0,8,20,12,1,0.0,0.0,0.0,0.0,330,0.0,0.0,0.0,0.0,0.0,0.0,0.0,0.0,1.0,3,3,3,3,0.0,0.0,0.0,0.0,0.0,0.0,0.0,1.0,2.0,0.0,0.0,0.0,0.0,1.0,100,88,60,0,0,28,12,2,0.0,50,0,0,50,0,100,100,0,0,0,1,89.0,1.0,0.0,0.0,0.0,0.0,1.0,0.0,0.0,0.0,0.0,1,1,3.0,1.0,1.0,0.0,0.0,0.0,0.0,0.0,0.0,2.0,9.54285714285714,26,0
2023,1,20,1,1,1,0,1,1,0,0,0,0,0,0,0,0,0,0,0,0,0,0,0,0,0.0,0.0,0.0,0.0,2,N,75,2,1,2020,7,1,4.0,3,1,2.0,0.0,4.0,4.0,4.0,2.0,1.0,1.0,1.0,2.0,2.0,3.0,2.0,2.0,2.0,2.0,3.0,2.0,522.0,522.0,24,30,12,2,5.0,0.0,0.0,0.0,132,0.0,0.0,0.0,0.0,0.0,0.0,0.0,0.0,1.0,3,3,3,3,0.0,0.0,0.0,0.0,0.0,0.0,0.0,1.0,2.0,0.0,0.0,0.0,0.0,1.0,33,28,22,0,0,6,5,2,0.0,100,0,0,0,0,100,100,0,0,0,1,25.0,0.0,1.0,0.0,0.0,0.0,0.0,0.0,0.0,0.0,0.0,2,2,0.0,0.0,0.0,1.0,1.0,0.0,0.0,0.0,0.0,1.0,21.9262295081967,36,0
2023,1,20,1,1,1,0,1,1,0,0,0,0,0,0,0,0,0,0,0,0,0,0,0,0,0.0,0.0,0.0,0.0,2,N,75,2,1,2020,7,2,0.0,4,1,2.0,1.0,0.0,3.0,4.0,2.0,2.0,1.0,1.0,2.0,2.0,1.0,1.0,3.0,1.0,2.0,2.0,1.0,7.0,7.0,8,22,12,1,0.0,0.0,0.0,0.0,66,0.0,0.0,0.0,0.0,0.0,0.0,0.0,0.0,1.0,3,3,3,3,0.0,0.0,0.0,0.0,0.0,0.0,0.0,1.0,2.0,0.0,0.0,0.0,0.0,1.0,25,24,10,12,0,2,1,2,0.0,90,10,0,0,0,100,0,90,0,10,1,20.0,0.0,1.0,0.0,0.0,0.0,0.0,0.0,0.0,0.0,0.0,2,1,2.0,0.0,0.0,1.0,0.0,1.0,0.0,0.0,0.0,2.0,21.9262295081967,36,0
2023,1,20,1,2,1,1,1,1,0,0,0,0,0,0,0,1,0,1,0,0,0,0,0,0,0.0,0.0,0.0,0.0,1,M,71,2,1,2020,11,2,0.0,3,1,3.0,2.0,0.0,4.0,5.0,4.0,4.0,1.0,1.0,2.0,1.0,4.0,3.0,4.0,3.0,3.0,3.0,3.0,63.0,36.0,9,22,12,1,0.0,0.0,0.0,0.0,330,1.0,1.0,0.0,0.0,0.0,0.0,0.0,0.0,0.0,4,4,3,3,0.0,0.0,0.0,0.0,0.0,0.0,0.0,1.0,2.0,0.0,0.0,0.0,0.0,1.0,66,60,41,17,0,2,6,2,0.0,40,60,0,0,0,100,40,60,0,0,2,0.0,0.0,0.0,1.0,0.0,0.0,0.0,0.0,0.0,0.0,0.0,1,1,1.0,1.0,0.0,0.0,1.0,0.0,0.0,0.0,0.0,2.0,13.188679245283,37,0
2023,1,20,1,2,1,1,1,1,0,0,0,0,0,0,0,1,0,1,0,0,0,0,0,0,0.0,0.0,0.0,0.0,1,P,85,2,1,2021,9,2,0.0,4,1,2.0,0.0,8.0,4.0,5.0,5.0,4.0,1.0,1.0,2.0,1.0,5.0,3.0,4.0,5.0,4.0,3.0,4.0,23.0,8.0,13,26,12,2,1.0,2000.0,50.0,0.0,76,1.0,0.0,1.0,0.0,0.0,0.0,0.0,0.0,0.0,4,5,4,5,0.0,0.0,0.0,0.0,0.0,0.0,0.0,1.0,1.0,0.0,0.0,0.0,0.0,1.0,134,105,32,46,6,21,29,2,0.0,47,53,0,0,0,100,0,100,0,0,1,30.0,0.0,0.0,0.0,1.0,1.0,1.0,0.0,0.0,0.0,0.0,1,1,2.0,1.0,1.0,0.0,0.0,1.0,0.0,0.0,0.0,2.0,207.573770491803,21,0
2023,1,20,1,2,1,1,1,1,0,0,0,0,0,0,0,1,0,1,0,0,0,0,0,0,0.0,0.0,0.0,0.0,1,R,90,2,1,2021,1,2,0.0,3,1,2.0,0.0,6.0,3.0,3.0,3.0,3.0,2.0,2.0,2.0,2.0,4.0,3.0,3.0,3.0,3.0,3.0,3.0,71.0,71.0,20,30,12,2,2.0,0.0,240.0,0.0,247,0.0,0.0,0.0,0.0,0.0,0.0,0.0,0.0,1.0,2,2,2,2,0.0,0.0,0.0,0.0,0.0,0.0,0.0,1.0,2.0,0.0,0.0,0.0,1.0,0.0,67,64,1,25,29,9,3,2,0.0,0,100,0,0,0,100,0,100,0,0,1,98.0,0.0,1.0,0.0,0.0,0.0,0.0,0.0,0.0,0.0,0.0,1,2,0.0,1.0,1.0,0.0,0.0,0.0,0.0,0.0,0.0,2.0,68.8194444444444,31,0
2023,1,20,1,2,1,1,1,1,0,0,0,0,1,0,1,0,0,0,0,0,0,0,0,0,0.0,0.0,0.0,0.0,1,I,56,1,1,2022,7,2,0.0,1,2,2.0,0.0,6.0,5.0,5.0,4.0,5.0,1.0,1.0,2.0,1.0,4.0,3.0,4.0,5.0,4.0,4.0,5.0,91.0,91.0,12,30,12,2,1.0,2000.0,150.0,0.0,66,1.0,0.0,1.0,0.0,1.0,0.0,0.0,0.0,0.0,4,4,4,5,0.0,0.0,0.0,0.0,0.0,0.0,0.0,1.0,1.0,0.0,0.0,0.0,0.0,1.0,150,142,92,30,18,2,8,2,0.0,0,100,0,0,0,100,0,100,0,0,1,102.0,1.0,1.0,1.0,0.0,0.0,0.0,0.0,0.0,0.0,0.0,2,2,0.0,1.0,1.0,1.0,0.0,0.0,0.0,0.0,0.0,2.0,1054.23913043478,31,0
2023,1,20,1,2,1,1,1,1,0,1,0,1,0,0,0,0,0,0,0,0,0,0,0,0,0.0,0.0,0.0,0.0,1,I,56,1,1,2020,12,2,0.0,3,1,2.0,0.0,3.0,3.0,4.0,3.0,3.0,2.0,1.0,2.0,2.0,3.0,3.0,3.0,3.0,3.0,3.0,3.0,182.0,182.0,9,24,12,2,1.0,4000.0,320.0,0.0,82,0.0,0.0,0.0,0.0,0.0,0.0,0.0,0.0,1.0,3,3,3,3,1.0,0.0,0.0,0.0,0.0,0.0,0.0,0.0,0.0,0.0,0.0,0.0,0.0,1.0,540,393,290,64,39,0,147,2,0.0,1,99,0,0,0,100,0,100,0,0,1,111.0,0.0,0.0,0.0,0.0,0.0,0.0,0.0,0.0,0.0,1.0,1,2,0.0,0.0,0.0,1.0,0.0,0.0,0.0,0.0,0.0,2.0,87.9090909090909,29,0
2023,1,20,1,2,1,1,1,1,0,1,0,1,0,0,0,0,0,0,0,0,0,0,0,0,0.0,0.0,0.0,0.0,1,M,73,2,1,2019,2,2,0.0,4,1,2.0,0.0,2.0,4.0,4.0,4.0,4.0,1.0,1.0,1.0,1.0,4.0,4.0,4.0,4.0,4.0,4.0,4.0,27.0,27.0,8,30,12,2,1.0,2000.0,120.0,0.0,25,0.0,0.0,0.0,0.0,0.0,0.0,0.0,0.0,1.0,4,4,4,4,0.0,0.0,0.0,0.0,0.0,0.0,0.0,1.0,2.0,0.0,0.0,0.0,0.0,1.0,35,40,8,12,15,5,-5,2,0.0,10,90,0,0,0,100,0,100,0,0,1,10.0,1.0,1.0,0.0,0.0,1.0,0.0,0.0,0.0,0.0,0.0,2,2,0.0,1.0,1.0,1.0,0.0,0.0,0.0,0.0,0.0,2.0,40.1818181818182,21,0
2023,1,20,1,2,1,1,2,1,1,0,0,0,0,0,0,0,0,0,0,0,0,0,0,0,0.0,0.0,0.0,0.0,1,C,26,2,1,2014,6,2,0.0,3,1,0.0,0.0,0.0,0.0,0.0,0.0,0.0,0.0,0.0,0.0,0.0,0.0,0.0,0.0,0.0,0.0,0.0,0.0,0.0,0.0,8,22,12,1,0.0,0.0,0.0,0.0,330,0.0,1.0,0.0,0.0,0.0,0.0,0.0,0.0,0.0,4,4,4,4,0.0,0.0,0.0,0.0,0.0,0.0,0.0,1.0,2.0,0.0,0.0,0.0,0.0,1.0,57,52,42,0,0,10,5,2,0.0,100,0,0,0,0,100,100,0,0,0,1,63.0,0.0,0.0,0.0,0.0,0.0,0.0,1.0,0.0,0.0,0.0,3,2,0.0,0.0,1.0,0.0,0.0,0.0,0.0,0.0,0.0,2.0,194.142857142857,31,0
2023,1,20,1,2,2,0,1,1,0,0,0,0,0,0,0,0,0,0,0,0,0,1,1,0,0.0,0.0,0.0,0.0,2,J,63,2,2,2019,1,2,0.0,4,1,0.0,0.0,0.0,0.0,0.0,0.0,0.0,0.0,0.0,0.0,0.0,0.0,0.0,0.0,0.0,0.0,0.0,0.0,0.0,0.0,7,22,12,2,2.0,0.0,10.0,0.0,99,0.0,0.0,0.0,0.0,0.0,0.0,0.0,0.0,1.0,3,3,3,3,0.0,0.0,0.0,0.0,0.0,0.0,0.0,1.0,2.0,0.0,0.0,0.0,0.0,1.0,3,3,1,1,1,0,0,2,0.0,0,0,0,0,100,100,0,100,0,0,1,4.0,1.0,0.0,0.0,0.0,0.0,0.0,0.0,0.0,0.0,0.0,2,1,1.0,1.0,0.0,0.0,0.0,0.0,0.0,0.0,0.0,2.0,5.46511627906977,37,0
2023,1,20,1,2,2,0,1,1,0,0,0,0,0,0,0,0,0,0,1,1,0,0,0,0,0.0,1.0,0.0,0.0,1,R,90,2,2,2022,12,2,0.0,4,1,0.0,0.0,0.0,0.0,0.0,0.0,0.0,0.0,0.0,0.0,0.0,0.0,0.0,0.0,0.0,0.0,0.0,0.0,0.0,0.0,3,30,12,2,1.0,3000.0,50.0,0.0,198,0.0,0.0,0.0,0.0,0.0,0.0,0.0,0.0,1.0,3,3,2,3,1.0,0.0,0.0,0.0,0.0,0.0,0.0,0.0,0.0,0.0,0.0,0.0,0.0,1.0,8,14,4,4,6,0,-6,2,0.0,0,100,0,0,0,100,0,100,0,0,2,0.0,1.0,0.0,0.0,0.0,0.0,0.0,0.0,0.0,0.0,1.0,2,2,0.0,1.0,0.0,0.0,0.0,0.0,0.0,0.0,0.0,2.0,19.3666666666667,35,0
2023,1,20,1,2,2,0,1,1,0,0,0,0,1,1,0,0,0,0,0,0,0,0,0,0,0.0,0.0,0.0,0.0,1,C,28,2,1,2021,8,2,0.0,3,1,2.0,0.0,3.0,5.0,5.0,5.0,5.0,1.0,2.0,2.0,2.0,2.0,2.0,2.0,2.0,2.0,2.0,2.0,63.0,63.0,8,22,12,1,0.0,0.0,0.0,0.0,49,0.0,0.0,0.0,0.0,0.0,0.0,0.0,0.0,1.0,4,4,3,4,0.0,0.0,0.0,0.0,0.0,0.0,0.0,1.0,2.0,0.0,0.0,0.0,0.0,1.0,190,152,76,57,0,19,38,2,0.0,70,30,0,0,0,100,100,0,0,0,1,30.0,0.0,0.0,1.0,0.0,0.0,0.0,0.0,0.0,0.0,0.0,1,2,0.0,1.0,0.0,0.0,0.0,0.0,0.0,0.0,0.0,2.0,7.2972972972973,35,0
2023,1,20,1,2,2,0,1,1,0,1,1,0,0,0,0,0,0,0,0,0,0,0,0,0,0.0,0.0,0.0,0.0,1,C,16,2,1,2020,6,2,0.0,3,1,2.0,1.0,0.0,3.0,3.0,4.0,3.0,1.0,1.0,1.0,2.0,4.0,3.0,4.0,4.0,3.0,4.0,3.0,113.0,113.0,8,22,12,2,1.0,2000.0,10.0,0.0,90,0.0,0.0,0.0,0.0,0.0,0.0,0.0,0.0,1.0,4,5,4,4,0.0,0.0,0.0,0.0,0.0,0.0,0.0,1.0,2.0,0.0,0.0,0.0,0.0,1.0,10,24,2,18,2,2,-14,2,0.0,0,100,0,0,0,100,0,100,0,0,2,0.0,1.0,0.0,1.0,0.0,0.0,0.0,0.0,0.0,1.0,0.0,2,2,0.0,1.0,0.0,1.0,0.0,0.0,0.0,0.0,0.0,2.0,11.9722222222222,11,0
2023,1,20,1,2,2,0,1,1,0,1,1,0,0,0,0,0,0,0,0,0,0,0,0,0,0.0,0.0,0.0,0.0,2,J,62,2,1,2021,8,2,0.0,4,1,2.0,0.0,2.0,5.0,5.0,4.0,2.0,1.0,1.0,2.0,2.0,2.0,2.0,5.0,2.0,2.0,2.0,2.0,2.0,2.0,12,30,12,2,1.0,3000.0,80.0,0.0,50,1.0,1.0,0.0,0.0,1.0,0.0,1.0,0.0,0.0,5,5,1,5,1.0,1.0,1.0,0.0,1.0,1.0,0.0,0.0,0.0,0.0,0.0,0.0,0.0,1.0,96,120,59,46,10,5,-24,1,30.0,0,30,0,0,70,100,70,30,0,0,1,75.0,0.0,1.0,0.0,1.0,0.0,0.0,0.0,1.0,0.0,0.0,1,1,2.0,1.0,0.0,1.0,0.0,1.0,0.0,0.0,0.0,2.0,8.42105263157895,24,0
2023,1,20,1,3,1,2,1,1,0,1,0,1,0,0,0,0,0,0,1,0,1,0,0,0,1.0,0.0,0.0,0.0,2,G,46,2,1,2018,10,2,0.0,3,1,2.0,0.0,6.0,3.0,4.0,3.0,3.0,2.0,1.0,2.0,2.0,3.0,4.0,4.0,3.0,3.0,2.0,2.0,38.0,38.0,10,26,12,2,1.0,1000.0,40.0,0.0,330,0.0,1.0,0.0,0.0,0.0,0.0,0.0,0.0,0.0,3,2,2,3,0.0,0.0,0.0,0.0,0.0,0.0,0.0,1.0,2.0,0.0,1.0,0.0,0.0,0.0,62,68,42,18,5,3,-6,2,0.0,20,80,0,0,0,100,80,20,0,0,2,0.0,0.0,0.0,1.0,0.0,1.0,0.0,0.0,1.0,0.0,0.0,1,1,3.0,1.0,0.0,0.0,0.0,0.0,0.0,0.0,0.0,2.0,1240.7191011236,31,0
2023,1,20,1,3,1,2,1,1,0,1,0,1,0,0,0,0,0,0,1,0,1,0,0,0,1.0,0.0,0.0,0.0,2,G,46,2,3,2018,10,2,0.0,2,2,0.0,0.0,0.0,0.0,0.0,0.0,0.0,0.0,0.0,0.0,0.0,0.0,0.0,0.0,0.0,0.0,0.0,0.0,0.0,0.0,13,26,12,2,3.0,400.0,0.0,0.0,250,1.0,1.0,0.0,0.0,0.0,0.0,0.0,0.0,0.0,3,4,4,3,0.0,0.0,0.0,0.0,0.0,0.0,0.0,1.0,2.0,0.0,1.0,0.0,0.0,0.0,3230,2924,1939,323,16,646,306,2,0.0,80,20,0,0,0,100,90,10,0,0,1,600.0,1.0,1.0,1.0,0.0,0.0,0.0,0.0,0.0,0.0,0.0,2,1,3.0,1.0,1.0,0.0,1.0,0.0,0.0,0.0,0.0,2.0,1240.7191011236,31,0
2023,1,20,1,3,1,2,1,1,0,1,0,1,1,0,1,0,0,0,0,0,0,0,0,0,0.0,0.0,0.0,0.0,1,I,56,2,1,2021,12,2,0.0,1,1,3.0,0.0,6.0,4.0,3.0,3.0,3.0,2.0,1.0,1.0,2.0,3.0,3.0,3.0,2.0,3.0,3.0,4.0,186.0,77.0,10,25,12,2,1.0,8000.0,110.0,0.0,57,0.0,0.0,0.0,0.0,0.0,0.0,0.0,0.0,1.0,3,4,3,3,0.0,0.0,0.0,0.0,0.0,0.0,0.0,1.0,2.0,0.0,1.0,0.0,0.0,0.0,95,99,25,37,14,23,-4,1,60.0,20,80,0,0,0,100,0,100,0,0,1,50.0,1.0,1.0,0.0,0.0,0.0,0.0,0.0,0.0,0.0,0.0,1,2,0.0,1.0,1.0,0.0,0.0,0.0,0.0,0.0,0.0,2.0,453.083333333333,35,0
2023,1,20,1,3,2,1,1,1,0,0,0,0,2,1,1,0,0,0,0,0,0,0,0,0,0.0,0.0,0.0,0.0,1,R,90,2,2,2019,3,2,0.0,4,1,0.0,0.0,0.0,0.0,0.0,0.0,0.0,0.0,0.0,0.0,0.0,0.0,0.0,0.0,0.0,0.0,0.0,0.0,0.0,0.0,24,30,12,2,1.0,3000.0,110.0,0.0,220,1.0,1.0,0.0,0.0,0.0,0.0,0.0,0.0,0.0,4,3,3,4,0.0,1.0,0.0,0.0,0.0,0.0,0.0,0.0,0.0,0.0,0.0,0.0,0.0,1.0,53,55,15,24,14,2,-2,2,0.0,10,40,50,0,0,100,0,100,0,0,2,0.0,0.0,1.0,0.0,1.0,0.0,0.0,0.0,0.0,0.0,0.0,2,2,0.0,1.0,0.0,1.0,0.0,0.0,0.0,0.0,0.0,2.0,12.044776119403,22,0
2023,1,20,1,3,2,1,1,1,0,2,1,1,0,0,0,0,0,0,0,0,0,0,0,0,0.0,0.0,0.0,0.0,1,C,13,2,1,2012,8,1,1.0,3,1,0.0,0.0,0.0,0.0,0.0,0.0,0.0,0.0,0.0,0.0,0.0,0.0,0.0,0.0,0.0,0.0,0.0,0.0,0.0,0.0,10,26,12,2,1.0,1000.0,200.0,0.0,9999,1.0,0.0,0.0,0.0,0.0,0.0,0.0,0.0,0.0,3,3,3,3,0.0,0.0,0.0,0.0,0.0,0.0,0.0,1.0,2.0,0.0,1.0,0.0,0.0,0.0,225,196,64,103,25,4,29,2,0.0,100,0,0,0,0,100,100,0,0,0,1,209.0,0.0,1.0,1.0,0.0,0.0,0.0,0.0,0.0,0.0,0.0,2,1,1.0,1.0,1.0,1.0,0.0,0.0,0.0,0.0,0.0,2.0,93.8,31,0
2023,1,20,1,3,2,1,1,1,0,2,1,1,0,0,0,0,0,0,0,0,0,0,0,0,0.0,0.0,0.0,0.0,1,C,13,2,1,2022,3,2,0.0,4,1,2.0,2.0,0.0,3.0,4.0,2.0,2.0,1.0,1.0,1.0,1.0,3.0,2.0,4.0,2.0,3.0,2.0,3.0,251.0,251.0,12,26,12,1,0.0,0.0,0.0,0.0,132,0.0,1.0,0.0,0.0,0.0,0.0,0.0,0.0,0.0,4,4,3,4,0.0,0.0,0.0,0.0,0.0,1.0,0.0,0.0,0.0,0.0,0.0,0.0,0.0,1.0,451,421,155,199,0,67,30,2,0.0,50,50,0,0,0,100,50,50,0,0,1,916.0,0.0,0.0,0.0,0.0,0.0,0.0,0.0,1.0,0.0,0.0,2,1,3.0,0.0,0.0,0.0,0.0,1.0,0.0,0.0,0.0,1.0,14.36,23,0
2023,1,20,1,3,2,1,1,1,0,2,1,1,0,0,0,0,0,0,0,0,0,0,0,0,0.0,0.0,0.0,0.0,1,C,32,2,1,2018,11,2,0.0,3,1,2.0,0.0,6.0,3.0,3.0,3.0,3.0,2.0,2.0,2.0,2.0,3.0,1.0,3.0,1.0,5.0,1.0,1.0,38.0,38.0,8,24,12,2,1.0,200.0,20.0,0.0,66,0.0,0.0,0.0,0.0,0.0,0.0,0.0,0.0,1.0,3,3,3,4,0.0,0.0,0.0,0.0,0.0,0.0,0.0,1.0,2.0,0.0,0.0,0.0,0.0,1.0,269,252,163,66,3,20,17,2,0.0,0,100,0,0,0,100,0,100,0,0,1,149.0,1.0,0.0,1.0,0.0,0.0,0.0,0.0,0.0,0.0,0.0,2,2,0.0,0.0,1.0,1.0,0.0,0.0,0.0,0.0,0.0,2.0,5.5625,39,0
2023,1,20,1,3,2,1,1,1,0,2,1,1,0,0,0,0,0,0,0,0,0,0,0,0,0.0,0.0,0.0,0.0,1,J,63,2,1,2021,8,2,0.0,4,1,2.0,1.0,6.0,5.0,4.0,2.0,4.0,1.0,1.0,2.0,2.0,4.0,4.0,3.0,3.0,4.0,2.0,4.0,72.0,72.0,12,22,12,2,2.0,0.0,15.0,0.0,17,1.0,0.0,0.0,0.0,0.0,0.0,0.0,0.0,0.0,4,4,4,3,0.0,0.0,0.0,0.0,0.0,0.0,0.0,1.0,2.0,0.0,0.0,0.0,0.0,1.0,117,92,7,82,2,1,25,2,0.0,0,100,0,0,0,100,100,0,0,0,2,0.0,0.0,0.0,0.0,0.0,0.0,0.0,1.0,0.0,1.0,0.0,1,1,2.0,1.0,0.0,0.0,0.0,0.0,1.0,0.0,0.0,2.0,33.4965986394558,11,0
2023,1,20,1,3,3,0,1,1,0,0,0,0,2,2,0,0,0,0,0,0,0,0,0,0,0.0,0.0,0.0,0.0,1,C,33,2,3,2022,12,2,0.0,3,1,0.0,0.0,0.0,0.0,0.0,0.0,0.0,0.0,0.0,0.0,0.0,0.0,0.0,0.0,0.0,0.0,0.0,0.0,0.0,0.0,8,22,12,2,1.0,1000.0,370.0,0.0,960,0.0,1.0,0.0,0.0,0.0,0.0,0.0,0.0,0.0,3,4,3,3,0.0,0.0,0.0,0.0,0.0,0.0,0.0,1.0,2.0,0.0,0.0,0.0,0.0,1.0,200,185,64,76,45,0,15,2,0.0,100,0,0,0,0,100,100,0,0,0,2,0.0,1.0,1.0,1.0,0.0,0.0,0.0,0.0,0.0,0.0,0.0,2,1,2.0,1.0,0.0,1.0,1.0,0.0,0.0,0.0,0.0,2.0,43.7272727272727,11,0
2023,1,20,1,3,3,0,1,1,0,1,1,0,0,0,0,0,0,0,1,1,0,0,0,0,0.0,1.0,0.0,0.0,1,I,56,2,2,2019,12,2,0.0,3,1,0.0,0.0,0.0,0.0,0.0,0.0,0.0,0.0,0.0,0.0,0.0,0.0,0.0,0.0,0.0,0.0,0.0,0.0,0.0,0.0,10,25,12,2,1.0,1500.0,310.0,0.0,198,0.0,1.0,0.0,0.0,0.0,0.0,0.0,0.0,0.0,4,5,4,5,1.0,0.0,0.0,0.0,0.0,0.0,0.0,0.0,0.0,1.0,0.0,0.0,0.0,0.0,672,454,230,93,38,93,218,1,60.0,5,95,0,0,0,100,0,100,0,0,1,33.0,0.0,0.0,1.0,1.0,1.0,0.0,0.0,0.0,0.0,0.0,2,1,2.0,1.0,1.0,1.0,0.0,0.0,0.0,0.0,0.0,2.0,464.466666666667,34,0
2023,1,20,1,5,5,0,1,1,0,4,4,0,0,0,0,0,0,0,0,0,0,0,0,0,0.0,0.0,0.0,0.0,1,C,25,2,1,2019,12,2,0.0,3,1,2.0,1.0,0.0,5.0,5.0,5.0,5.0,1.0,1.0,2.0,1.0,3.0,3.0,4.0,3.0,3.0,4.0,3.0,1256.0,434.0,8,22,12,1,0.0,0.0,0.0,0.0,990,0.0,1.0,1.0,0.0,0.0,0.0,0.0,0.0,0.0,3,4,2,4,0.0,1.0,0.0,0.0,0.0,0.0,0.0,0.0,0.0,1.0,0.0,0.0,0.0,0.0,2676,2059,1673,368,0,18,617,2,0.0,100,0,0,0,0,100,95,5,0,0,1,800.0,1.0,0.0,1.0,1.0,0.0,0.0,0.0,0.0,0.0,0.0,2,1,2.0,0.0,1.0,1.0,0.0,1.0,0.0,0.0,0.0,2.0,49.3333333333333,33,0
2023,1,20,1,5,5,0,1,1,0,4,4,0,0,0,0,0,0,0,0,0,0,0,0,0,0.0,0.0,0.0,0.0,2,C,17,2,1,2022,8,2,0.0,3,1,3.0,0.0,6.0,5.0,5.0,5.0,5.0,1.0,1.0,1.0,1.0,3.0,2.0,3.0,3.0,3.0,3.0,3.0,503.0,145.0,8,24,12,2,5.0,0.0,0.0,0.0,1650,1.0,1.0,1.0,0.0,0.0,0.0,0.0,0.0,0.0,4,4,4,4,0.0,0.0,0.0,0.0,0.0,0.0,0.0,1.0,2.0,0.0,0.0,0.0,0.0,1.0,2431,2228,1620,270,0,338,203,2,0.0,100,0,0,0,0,100,100,0,0,0,1,300.0,0.0,1.0,0.0,0.0,0.0,0.0,0.0,0.0,0.0,0.0,2,1,2.0,0.0,1.0,1.0,0.0,0.0,0.0,0.0,0.0,2.0,6.26086956521739,34,0
2023,1,20,1,6,1,5,1,1,0,0,0,0,0,0,0,5,0,5,0,0,0,0,0,0,0.0,0.0,0.0,0.0,1,G,47,1,1,2020,1,2,0.0,3,1,2.0,1.0,0.0,3.0,3.0,3.0,3.0,2.0,1.0,2.0,2.0,3.0,3.0,3.0,3.0,3.0,3.0,3.0,77.0,38.0,10,22,12,2,5.0,0.0,0.0,0.0,66,0.0,0.0,0.0,0.0,0.0,0.0,0.0,0.0,1.0,3,3,2,4,0.0,0.0,0.0,0.0,0.0,0.0,0.0,1.0,2.0,0.0,0.0,0.0,0.0,1.0,820,737,369,147,0,221,83,2,0.0,0,100,0,0,0,100,0,100,0,0,2,0.0,0.0,1.0,1.0,1.0,0.0,0.0,0.0,0.0,0.0,0.0,2,2,0.0,1.0,0.0,1.0,0.0,0.0,0.0,0.0,0.0,2.0,282.132075471698,21,0
2023,1,20,1,8,8,0,1,1,0,7,7,0,0,0,0,0,0,0,0,0,0,0,0,0,0.0,0.0,0.0,0.0,2,R,91,1,1,2022,12,2,0.0,3,1,2.0,1.0,0.0,5.0,5.0,5.0,5.0,1.0,1.0,1.0,1.0,4.0,1.0,5.0,2.0,2.0,2.0,4.0,212.0,71.0,15,30,12,2,1.0,5500.0,300.0,0.0,1200,0.0,0.0,0.0,0.0,0.0,0.0,0.0,0.0,1.0,5,5,5,5,0.0,0.0,0.0,0.0,0.0,0.0,0.0,1.0,2.0,1.0,0.0,0.0,0.0,0.0,225,194,45,90,36,23,31,2,0.0,0,100,0,0,0,100,0,100,0,0,1,150.0,0.0,0.0,0.0,1.0,1.0,0.0,0.0,0.0,0.0,0.0,2,2,0.0,1.0,0.0,0.0,0.0,0.0,0.0,0.0,0.0,2.0,37.0980392156863,26,0
2023,1,20,2,1,1,0,1,1,0,0,0,0,0,0,0,0,0,0,0,0,0,0,0,0,0.0,0.0,0.0,0.0,1,G,47,2,1,2021,5,2,0.0,4,1,2.0,1.0,6.0,5.0,5.0,4.0,5.0,1.0,1.0,1.0,1.0,4.0,4.0,3.0,4.0,3.0,4.0,5.0,38.0,38.0,9,28,12,2,1.0,1000.0,250.0,0.0,45,0.0,0.0,0.0,0.0,0.0,0.0,0.0,0.0,1.0,4,5,4,4,0.0,0.0,0.0,0.0,0.0,0.0,0.0,1.0,2.0,1.0,0.0,0.0,0.0,0.0,95,93,52,0,31,10,2,2,0.0,10,80,10,0,0,100,0,100,0,0,1,52.0,0.0,1.0,1.0,0.0,0.0,0.0,0.0,0.0,0.0,0.0,1,1,3.0,1.0,0.0,1.0,0.0,0.0,1.0,0.0,0.0,2.0,212.351351351351,32,0
2023,1,20,3,1,1,0,1,1,0,0,0,0,0,0,0,0,0,0,0,0,0,0,0,0,0.0,0.0,0.0,0.0,1,C,26,2,1,2022,11,2,0.0,3,1,1.0,1.0,0.0,3.0,4.0,2.0,3.0,2.0,1.0,1.0,2.0,3.0,3.0,4.0,3.0,4.0,3.0,4.0,88.0,44.0,8,24,12,1,0.0,0.0,0.0,0.0,165,0.0,0.0,0.0,0.0,0.0,0.0,0.0,0.0,1.0,3,4,4,3,0.0,0.0,0.0,0.0,0.0,0.0,0.0,1.0,2.0,1.0,0.0,0.0,0.0,0.0,70,66,20,40,0,6,4,2,0.0,20,80,0,0,0,100,80,20,0,0,2,0.0,1.0,0.0,0.0,0.0,0.0,0.0,0.0,0.0,0.0,0.0,1,1,3.0,1.0,0.0,0.0,0.0,0.0,0.0,0.0,0.0,2.0,38.4666666666667,34,0
2023,1,20,3,1,1,0,1,1,0,0,0,0,0,0,0,0,0,0,0,0,0,0,0,0,0.0,0.0,0.0,0.0,1,G,46,2,1,2020,12,2,0.0,3,1,1.0,1.0,2.0,3.0,5.0,5.0,3.0,2.0,1.0,1.0,1.0,4.0,3.0,4.0,3.0,2.0,3.0,3.0,38.0,2.0,10,26,12,2,1.0,1000.0,180.0,0.0,30,0.0,0.0,0.0,0.0,0.0,0.0,0.0,0.0,1.0,4,4,5,4,0.0,0.0,0.0,0.0,0.0,0.0,0.0,1.0,1.0,1.0,0.0,0.0,0.0,0.0,92,89,63,0,22,4,3,2,0.0,10,90,0,0,0,100,0,100,0,0,1,130.0,0.0,1.0,0.0,0.0,1.0,1.0,0.0,0.0,0.0,0.0,1,2,0.0,0.0,1.0,0.0,1.0,1.0,0.0,0.0,0.0,2.0,176.92,24,0
2023,1,20,3,1,1,0,1,1,0,0,0,0,0,0,0,0,0,0,0,0,0,0,0,0,0.0,0.0,0.0,0.0,1,G,47,2,1,2021,4,2,0.0,4,1,2.0,0.0,8.0,4.0,5.0,4.0,5.0,1.0,1.0,2.0,2.0,4.0,5.0,3.0,4.0,4.0,3.0,4.0,8.0,8.0,10,22,12,1,0.0,0.0,0.0,0.0,6,0.0,0.0,1.0,0.0,0.0,0.0,0.0,0.0,0.0,4,5,3,4,0.0,0.0,0.0,0.0,0.0,1.0,0.0,0.0,0.0,0.0,0.0,0.0,0.0,1.0,13,13,12,0,0,1,0,1,100.0,100,0,0,0,0,100,0,100,0,0,2,0.0,0.0,1.0,1.0,0.0,0.0,0.0,0.0,0.0,0.0,0.0,3,1,3.0,0.0,1.0,1.0,0.0,0.0,0.0,0.0,0.0,2.0,1301.96341463415,31,0
2023,1,20,3,1,1,0,1,1,0,0,0,0,0,0,0,0,0,0,0,0,0,0,0,0,0.0,0.0,0.0,0.0,1,J,58,2,1,2022,8,2,0.0,4,1,4.0,0.0,1.0,1.0,1.0,1.0,1.0,2.0,2.0,2.0,2.0,1.0,1.0,1.0,1.0,1.0,1.0,1.0,74.0,53.0,1,1,1,2,1.0,1000.0,190.0,0.0,26,0.0,0.0,0.0,0.0,0.0,0.0,0.0,0.0,1.0,1,1,1,1,0.0,0.0,0.0,0.0,0.0,0.0,0.0,1.0,2.0,0.0,0.0,0.0,0.0,1.0,26,26,3,0,23,0,0,2,0.0,0,0,0,0,100,100,0,0,0,100,1,26.0,0.0,0.0,0.0,0.0,0.0,0.0,0.0,0.0,0.0,1.0,2,2,0.0,1.0,1.0,0.0,0.0,1.0,0.0,0.0,0.0,2.0,270.934579439252,11,0
2023,1,20,3,1,1,0,1,1,0,0,0,0,0,0,0,0,0,0,0,0,0,0,0,0,0.0,0.0,0.0,0.0,2,J,62,2,1,2005,5,2,0.0,3,1,0.0,0.0,0.0,0.0,0.0,0.0,0.0,0.0,0.0,0.0,0.0,0.0,0.0,0.0,0.0,0.0,0.0,0.0,0.0,0.0,8,24,12,1,0.0,0.0,0.0,0.0,33,0.0,0.0,1.0,0.0,0.0,0.0,0.0,0.0,0.0,4,4,3,3,0.0,0.0,1.0,0.0,0.0,0.0,0.0,0.0,0.0,0.0,0.0,0.0,0.0,1.0,50,50,49,0,0,1,0,2,0.0,100,0,0,0,0,100,100,0,0,0,2,0.0,0.0,1.0,0.0,0.0,0.0,0.0,0.0,1.0,0.0,0.0,2,2,0.0,1.0,0.0,0.0,1.0,1.0,0.0,0.0,0.0,2.0,99.0652173913043,31,0
2023,1,30,1,1,0,1,1,0,1,0,0,0,0,0,0,0,0,0,0,0,0,0,0,0,0.0,0.0,0.0,0.0,1,G,47,2,1,2020,4,2,0.0,3,1,2.0,1.0,0.0,3.0,4.0,4.0,3.0,2.0,1.0,1.0,2.0,3.0,3.0,3.0,3.0,3.0,3.0,3.0,7.0,7.0,8,22,12,2,3.0,500.0,0.0,0.0,259,0.0,0.0,0.0,0.0,0.0,0.0,0.0,0.0,1.0,2,2,2,2,0.0,0.0,0.0,0.0,0.0,0.0,0.0,1.0,2.0,0.0,0.0,0.0,0.0,1.0,293,235,150,0,0,85,58,2,0.0,50,50,0,0,0,100,0,100,0,0,2,0.0,1.0,0.0,0.0,0.0,0.0,0.0,0.0,0.0,0.0,0.0,1,2,0.0,1.0,0.0,0.0,0.0,0.0,0.0,0.0,0.0,1.0,342.911627906977,21,0
2023,1,30,1,1,0,1,1,0,1,0,0,0,0,0,0,0,0,0,0,0,0,0,0,0,0.0,0.0,0.0,0.0,1,M,71,2,3,2022,5,2,0.0,3,1,0.0,0.0,0.0,0.0,0.0,0.0,0.0,0.0,0.0,0.0,0.0,0.0,0.0,0.0,0.0,0.0,0.0,0.0,0.0,0.0,9,22,12,2,1.0,100.0,15.0,0.0,66,0.0,1.0,0.0,0.0,0.0,0.0,0.0,0.0,0.0,3,2,2,2,0.0,0.0,0.0,0.0,0.0,0.0,0.0,1.0,2.0,0.0,0.0,0.0,0.0,1.0,105,92,15,44,18,15,13,2,0.0,90,0,0,10,0,100,100,0,0,0,2,0.0,1.0,1.0,0.0,0.0,0.0,0.0,0.0,0.0,0.0,0.0,1,1,2.0,1.0,0.0,0.0,1.0,1.0,0.0,0.0,0.0,2.0,211.661290322581,11,0
2023,1,30,1,1,0,1,1,0,1,0,0,0,0,0,0,0,0,0,0,0,0,0,0,0,0.0,0.0,0.0,0.0,1,R,90,1,1,2022,6,2,0.0,4,1,3.0,0.0,3.0,1.0,2.0,3.0,2.0,2.0,1.0,1.0,2.0,1.0,1.0,3.0,1.0,1.0,2.0,2.0,57.0,57.0,20,30,12,2,1.0,7000.0,120.0,0.0,198,0.0,0.0,0.0,0.0,0.0,0.0,0.0,0.0,1.0,1,1,1,1,1.0,0.0,0.0,0.0,0.0,0.0,0.0,0.0,0.0,0.0,0.0,0.0,0.0,1.0,48,51,14,14,15,8,-3,1,50.0,20,80,0,0,0,100,0,100,0,0,2,0.0,0.0,1.0,1.0,1.0,0.0,0.0,0.0,0.0,0.0,0.0,1,2,0.0,1.0,1.0,1.0,0.0,0.0,0.0,0.0,0.0,2.0,68.8194444444444,31,0
2023,1,30,1,1,1,0,1,1,0,0,0,0,0,0,0,0,0,0,0,0,0,0,0,0,0.0,0.0,0.0,0.0,1,C,10,2,1,2012,2,2,0.0,3,1,0.0,0.0,0.0,0.0,0.0,0.0,0.0,0.0,0.0,0.0,0.0,0.0,0.0,0.0,0.0,0.0,0.0,0.0,0.0,0.0,10,30,12,2,1.0,2000.0,260.0,0.0,33,0.0,0.0,0.0,0.0,0.0,0.0,0.0,0.0,1.0,2,2,2,2,0.0,0.0,0.0,0.0,0.0,0.0,0.0,1.0,1.0,0.0,1.0,0.0,0.0,0.0,120,106,65,0,32,9,14,2,0.0,10,90,0,0,0,100,0,100,0,0,1,89.0,0.0,1.0,0.0,0.0,1.0,0.0,0.0,0.0,0.0,0.0,1,2,0.0,0.0,0.0,0.0,0.0,0.0,1.0,0.0,0.0,2.0,30.8192771084337,11,0
2023,1,30,1,1,1,0,1,1,0,0,0,0,0,0,0,0,0,0,0,0,0,0,0,0,0.0,0.0,0.0,0.0,1,C,10,2,1,2016,11,2,0.0,3,1,0.0,0.0,0.0,0.0,0.0,0.0,0.0,0.0,0.0,0.0,0.0,0.0,0.0,0.0,0.0,0.0,0.0,0.0,0.0,0.0,12,30,12,1,0.0,0.0,0.0,0.0,49,0.0,0.0,0.0,0.0,0.0,0.0,0.0,0.0,1.0,5,5,1,4,0.0,0.0,0.0,0.0,0.0,0.0,0.0,1.0,1.0,0.0,0.0,0.0,0.0,1.0,146,137,125,0,0,12,9,2,0.0,10,90,0,0,0,100,0,100,0,0,1,340.0,0.0,1.0,1.0,0.0,0.0,0.0,0.0,0.0,0.0,0.0,1,2,0.0,1.0,0.0,1.0,0.0,0.0,1.0,0.0,0.0,2.0,9.55555555555556,39,0
2023,1,30,1,1,1,0,1,1,0,0,0,0,0,0,0,0,0,0,0,0,0,0,0,0,0.0,0.0,0.0,0.0,1,C,10,2,1,2018,10,2,0.0,3,1,3.0,0.0,3.0,3.0,3.0,3.0,3.0,2.0,2.0,2.0,2.0,2.0,2.0,2.0,2.0,2.0,2.0,2.0,126.0,126.0,4,20,12,2,1.0,1000.0,180.0,0.0,231,0.0,0.0,0.0,0.0,0.0,0.0,0.0,0.0,1.0,3,3,3,3,0.0,0.0,0.0,0.0,0.0,1.0,0.0,0.0,0.0,0.0,0.0,0.0,0.0,1.0,240,187,157,0,22,8,53,1,70.0,40,60,0,0,0,100,50,50,0,0,1,100.0,0.0,0.0,1.0,0.0,0.0,0.0,0.0,1.0,0.0,0.0,2,2,0.0,0.0,0.0,1.0,0.0,1.0,0.0,0.0,0.0,2.0,83.3846153846154,32,0
2023,1,30,1,1,1,0,1,1,0,0,0,0,0,0,0,0,0,0,0,0,0,0,0,0,0.0,0.0,0.0,0.0,1,C,10,2,1,2021,6,2,0.0,3,1,2.0,0.0,3.0,4.0,5.0,4.0,5.0,2.0,2.0,2.0,2.0,4.0,2.0,3.0,3.0,3.0,4.0,3.0,38.0,30.0,8,26,12,2,1.0,2000.0,30.0,0.0,20,0.0,0.0,1.0,0.0,0.0,0.0,0.0,0.0,0.0,4,4,4,5,0.0,0.0,0.0,0.0,0.0,0.0,0.0,1.0,1.0,0.0,0.0,0.0,0.0,1.0,16,13,5,0,4,4,3,2,0.0,0,0,0,0,100,100,100,0,0,0,1,298.0,0.0,1.0,1.0,0.0,0.0,1.0,0.0,0.0,0.0,0.0,1,1,2.0,1.0,1.0,1.0,0.0,0.0,0.0,0.0,0.0,2.0,127.928571428571,38,0
2023,1,30,1,1,1,0,1,1,0,0,0,0,0,0,0,0,0,0,0,0,0,0,0,0,0.0,0.0,0.0,0.0,1,C,10,2,2,2011,1,2,0.0,2,1,0.0,0.0,0.0,0.0,0.0,0.0,0.0,0.0,0.0,0.0,0.0,0.0,0.0,0.0,0.0,0.0,0.0,0.0,0.0,0.0,15,28,12,1,0.0,0.0,0.0,0.0,100,0.0,0.0,0.0,0.0,0.0,0.0,0.0,0.0,1.0,3,2,2,3,0.0,0.0,0.0,0.0,0.0,1.0,0.0,0.0,0.0,0.0,1.0,0.0,0.0,0.0,50,50,20,0,0,30,0,1,5.0,10,90,0,0,0,100,0,100,0,0,1,100.0,0.0,0.0,1.0,1.0,0.0,0.0,0.0,0.0,0.0,0.0,1,2,0.0,0.0,1.0,1.0,0.0,0.0,0.0,0.0,0.0,2.0,83.3846153846154,32,0
2023,1,30,1,1,1,0,1,1,0,0,0,0,0,0,0,0,0,0,0,0,0,0,0,0,0.0,0.0,0.0,0.0,1,C,10,2,3,2010,7,2,0.0,3,1,0.0,0.0,0.0,0.0,0.0,0.0,0.0,0.0,0.0,0.0,0.0,0.0,0.0,0.0,0.0,0.0,0.0,0.0,0.0,0.0,8,25,12,2,1.0,2000.0,160.0,0.0,66,0.0,0.0,0.0,0.0,0.0,0.0,0.0,0.0,1.0,2,3,1,2,0.0,0.0,0.0,0.0,0.0,0.0,0.0,1.0,2.0,0.0,0.0,0.0,0.0,1.0,80,65,35,0,20,10,15,2,0.0,20,80,0,0,0,100,0,100,0,0,2,0.0,1.0,1.0,0.0,0.0,1.0,0.0,0.0,0.0,0.0,0.0,2,2,0.0,0.0,0.0,1.0,1.0,1.0,0.0,0.0,0.0,2.0,89.3333333333333,11,0
2023,1,30,1,1,1,0,1,1,0,0,0,0,0,0,0,0,0,0,0,0,0,0,0,0,0.0,0.0,0.0,0.0,1,C,13,2,1,2013,3,2,0.0,2,1,0.0,0.0,0.0,0.0,0.0,0.0,0.0,0.0,0.0,0.0,0.0,0.0,0.0,0.0,0.0,0.0,0.0,0.0,0.0,0.0,6,20,12,1,0.0,0.0,0.0,0.0,18,1.0,1.0,0.0,0.0,0.0,0.0,0.0,0.0,0.0,3,4,3,3,0.0,0.0,0.0,0.0,0.0,0.0,0.0,1.0,2.0,0.0,0.0,0.0,0.0,1.0,327,282,281,0,0,1,45,2,0.0,60,40,0,0,0,100,60,40,0,0,1,52.0,1.0,1.0,0.0,0.0,0.0,0.0,0.0,0.0,0.0,0.0,1,1,1.0,1.0,1.0,0.0,0.0,1.0,0.0,0.0,0.0,2.0,8.1304347826087,35,0
2023,1,30,1,1,1,0,1,1,0,0,0,0,0,0,0,0,0,0,0,0,0,0,0,0,0.0,0.0,0.0,0.0,1,C,13,2,1,2016,10,2,0.0,3,1,0.0,0.0,0.0,0.0,0.0,0.0,0.0,0.0,0.0,0.0,0.0,0.0,0.0,0.0,0.0,0.0,0.0,0.0,0.0,0.0,8,22,12,2,1.0,700.0,100.0,0.0,33,0.0,1.0,1.0,0.0,0.0,0.0,0.0,0.0,0.0,4,4,3,4,0.0,0.0,0.0,0.0,0.0,0.0,0.0,1.0,2.0,0.0,0.0,0.0,0.0,1.0,84,75,50,8,12,5,9,2,0.0,100,0,0,0,0,100,0,100,0,0,1,182.0,0.0,1.0,1.0,0.0,0.0,0.0,0.0,0.0,0.0,0.0,2,2,0.0,1.0,0.0,1.0,0.0,0.0,0.0,1.0,0.0,2.0,26.88,23,0
2023,1,30,1,1,1,0,1,1,0,0,0,0,0,0,0,0,0,0,0,0,0,0,0,0,0.0,0.0,0.0,0.0,1,C,14,1,1,2022,1,2,0.0,3,1,2.0,1.0,0.0,5.0,5.0,4.0,4.0,1.0,1.0,2.0,2.0,3.0,3.0,3.0,3.0,3.0,2.0,3.0,126.0,126.0,9,26,12,2,1.0,1800.0,70.0,0.0,99,0.0,0.0,0.0,0.0,0.0,0.0,0.0,0.0,1.0,3,3,1,3,0.0,0.0,0.0,0.0,0.0,0.0,0.0,1.0,2.0,0.0,0.0,0.0,0.0,1.0,76,71,62,0,9,0,5,2,0.0,10,90,0,0,0,100,0,100,0,0,2,0.0,0.0,0.0,0.0,0.0,1.0,0.0,1.0,0.0,0.0,0.0,2,2,0.0,0.0,1.0,1.0,0.0,0.0,0.0,0.0,0.0,2.0,6.29411764705882,39,0
2023,1,30,1,1,1,0,1,1,0,0,0,0,0,0,0,0,0,0,0,0,0,0,0,0,0.0,0.0,0.0,0.0,1,C,14,2,1,2015,10,2,0.0,3,1,0.0,0.0,0.0,0.0,0.0,0.0,0.0,0.0,0.0,0.0,0.0,0.0,0.0,0.0,0.0,0.0,0.0,0.0,0.0,0.0,8,22,12,1,0.0,0.0,0.0,0.0,66,0.0,0.0,1.0,0.0,0.0,0.0,0.0,0.0,0.0,3,3,2,2,0.0,0.0,0.0,0.0,0.0,1.0,0.0,0.0,0.0,0.0,0.0,0.0,0.0,1.0,300,289,278,0,0,11,11,1,100.0,0,100,0,0,0,100,0,100,0,0,1,116.0,1.0,1.0,0.0,0.0,0.0,0.0,0.0,1.0,0.0,0.0,1,2,0.0,1.0,0.0,0.0,0.0,1.0,0.0,0.0,0.0,2.0,88.956043956044,11,0
2023,1,30,1,1,1,0,1,1,0,0,0,0,0,0,0,0,0,0,0,0,0,0,0,0,0.0,0.0,0.0,0.0,1,C,14,2,1,2016,6,2,0.0,3,1,0.0,0.0,0.0,0.0,0.0,0.0,0.0,0.0,0.0,0.0,0.0,0.0,0.0,0.0,0.0,0.0,0.0,0.0,0.0,0.0,8,26,12,2,1.0,1000.0,58.0,0.0,48,0.0,0.0,1.0,0.0,0.0,0.0,0.0,0.0,0.0,3,3,3,3,0.0,0.0,0.0,0.0,0.0,0.0,0.0,1.0,2.0,0.0,0.0,0.0,0.0,1.0,700,640,630,0,7,3,60,2,0.0,70,30,0,0,0,100,50,50,0,0,1,80.0,1.0,0.0,1.0,0.0,0.0,0.0,0.0,0.0,0.0,0.0,2,2,0.0,1.0,0.0,1.0,0.0,0.0,0.0,0.0,0.0,2.0,90.1142857142857,31,0
2023,1,30,1,1,1,0,1,1,0,0,0,0,0,0,0,0,0,0,0,0,0,0,0,0,0.0,0.0,0.0,0.0,1,C,14,2,1,2017,12,2,0.0,3,1,2.0,1.0,0.0,5.0,5.0,5.0,5.0,1.0,1.0,1.0,1.0,4.0,4.0,4.0,4.0,4.0,4.0,4.0,63.0,63.0,10,26,12,2,1.0,500.0,100.0,0.0,49,0.0,0.0,0.0,0.0,0.0,0.0,0.0,0.0,1.0,4,4,4,4,0.0,0.0,0.0,0.0,0.0,0.0,0.0,1.0,2.0,0.0,0.0,0.0,0.0,1.0,23,20,7,0,13,0,3,2,0.0,20,80,0,0,0,100,0,100,0,0,1,48.0,0.0,0.0,1.0,0.0,0.0,1.0,0.0,0.0,0.0,0.0,2,2,0.0,1.0,0.0,0.0,0.0,0.0,0.0,0.0,0.0,2.0,4.125,29,0
2023,1,30,1,1,1,0,1,1,0,0,0,0,0,0,0,0,0,0,0,0,0,0,0,0,0.0,0.0,0.0,0.0,1,C,14,2,1,2018,1,2,0.0,3,1,2.0,1.0,3.0,4.0,4.0,4.0,4.0,2.0,1.0,1.0,2.0,5.0,4.0,5.0,4.0,4.0,4.0,4.0,38.0,38.0,9,24,12,2,1.0,500.0,150.0,0.0,33,0.0,0.0,1.0,0.0,0.0,0.0,0.0,0.0,0.0,4,3,3,4,0.0,0.0,0.0,0.0,0.0,1.0,0.0,0.0,0.0,0.0,0.0,0.0,0.0,1.0,199,182,107,43,18,14,17,2,0.0,10,90,0,0,0,100,0,100,0,0,2,0.0,1.0,1.0,0.0,0.0,0.0,0.0,0.0,1.0,0.0,0.0,1,2,0.0,0.0,0.0,0.0,0.0,1.0,0.0,0.0,0.0,2.0,237.770833333333,11,0
2023,1,30,1,1,1,0,1,1,0,0,0,0,0,0,0,0,0,0,0,0,0,0,0,0,0.0,0.0,0.0,0.0,1,C,14,2,1,2018,4,2,0.0,3,1,2.0,1.0,0.0,3.0,3.0,3.0,3.0,2.0,2.0,2.0,2.0,3.0,3.0,3.0,3.0,3.0,3.0,3.0,38.0,38.0,8,29,12,2,1.0,2000.0,240.0,0.0,82,0.0,0.0,0.0,0.0,0.0,0.0,0.0,0.0,1.0,3,3,3,3,0.0,0.0,0.0,0.0,0.0,0.0,0.0,1.0,2.0,0.0,0.0,0.0,0.0,1.0,45,40,11,0,29,0,5,2,0.0,100,0,0,0,0,100,0,100,0,0,1,63.0,0.0,0.0,1.0,0.0,0.0,0.0,0.0,0.0,0.0,0.0,2,2,0.0,1.0,0.0,1.0,0.0,0.0,0.0,0.0,0.0,2.0,10.5,24,0
2023,1,30,1,1,1,0,1,1,0,0,0,0,0,0,0,0,0,0,0,0,0,0,0,0,0.0,0.0,0.0,0.0,1,C,14,2,1,2018,4,2,0.0,3,1,2.0,2.0,0.0,4.0,5.0,5.0,4.0,1.0,1.0,1.0,1.0,4.0,4.0,5.0,5.0,4.0,4.0,4.0,188.0,145.0,9,26,12,2,1.0,2000.0,84.0,0.0,33,1.0,1.0,0.0,0.0,0.0,0.0,0.0,0.0,0.0,5,5,4,4,0.0,1.0,0.0,0.0,0.0,0.0,0.0,0.0,0.0,0.0,0.0,0.0,0.0,1.0,97,89,59,0,10,20,8,2,0.0,10,90,0,0,0,100,0,100,0,0,1,30.0,1.0,1.0,1.0,0.0,0.0,0.0,0.0,0.0,0.0,0.0,1,1,3.0,1.0,0.0,0.0,1.0,1.0,0.0,0.0,0.0,2.0,35.6086956521739,31,0
2023,1,30,1,1,1,0,1,1,0,0,0,0,0,0,0,0,0,0,0,0,0,0,0,0,0.0,0.0,0.0,0.0,1,C,15,2,1,2017,12,1,4.0,2,1,2.0,0.0,6.0,4.0,4.0,4.0,4.0,1.0,1.0,1.0,1.0,3.0,2.0,4.0,2.0,3.0,2.0,4.0,63.0,63.0,8,22,12,1,0.0,0.0,0.0,0.0,66,1.0,1.0,0.0,0.0,0.0,0.0,0.0,0.0,0.0,4,4,4,4,1.0,0.0,0.0,0.0,0.0,1.0,0.0,0.0,0.0,0.0,0.0,0.0,0.0,1.0,64,40,36,0,0,4,24,1,100.0,0,100,0,0,0,100,0,100,0,0,1,80.0,0.0,0.0,0.0,0.0,0.0,1.0,0.0,0.0,0.0,0.0,1,1,2.0,1.0,0.0,0.0,0.0,0.0,0.0,0.0,0.0,2.0,23.6730769230769,11,0
2023,1,30,1,1,1,0,1,1,0,0,0,0,0,0,0,0,0,0,0,0,0,0,0,0,0.0,0.0,0.0,0.0,1,C,15,2,1,2017,2,2,0.0,2,1,2.0,0.0,6.0,5.0,5.0,5.0,5.0,2.0,1.0,1.0,2.0,5.0,4.0,4.0,3.0,4.0,4.0,4.0,63.0,63.0,10,25,12,2,1.0,2000.0,100.0,0.0,156,1.0,1.0,0.0,0.0,0.0,0.0,0.0,0.0,0.0,5,5,5,5,0.0,1.0,0.0,0.0,0.0,0.0,0.0,0.0,0.0,0.0,0.0,0.0,0.0,1.0,47,44,17,13,12,2,3,1,1.0,0,100,0,0,0,100,0,100,0,0,1,40.0,0.0,1.0,0.0,1.0,0.0,0.0,0.0,0.0,0.0,0.0,1,1,3.0,1.0,0.0,1.0,0.0,0.0,0.0,0.0,0.0,2.0,55.5,11,0
2023,1,30,1,1,1,0,1,1,0,0,0,0,0,0,0,0,0,0,0,0,0,0,0,0,0.0,0.0,0.0,0.0,1,C,15,2,1,2019,3,2,0.0,3,1,2.0,0.0,6.0,4.0,5.0,5.0,4.0,2.0,1.0,1.0,2.0,5.0,4.0,4.0,4.0,5.0,3.0,4.0,85.0,72.0,8,26,12,2,1.0,2000.0,60.0,0.0,82,0.0,1.0,0.0,0.0,0.0,0.0,0.0,0.0,0.0,2,3,4,3,0.0,0.0,0.0,0.0,0.0,0.0,0.0,1.0,2.0,0.0,0.0,0.0,0.0,1.0,375,327,289,19,8,11,48,2,0.0,80,20,0,0,0,100,80,20,0,0,1,47.0,0.0,0.0,1.0,0.0,1.0,0.0,0.0,0.0,0.0,0.0,2,1,2.0,0.0,1.0,0.0,0.0,1.0,0.0,0.0,0.0,1.0,23.6730769230769,11,0
2023,1,30,1,1,1,0,1,1,0,0,0,0,0,0,0,0,0,0,0,0,0,0,0,0,0.0,0.0,0.0,0.0,1,C,15,2,1,2020,3,1,1.0,2,2,2.0,1.0,0.0,5.0,5.0,4.0,3.0,1.0,1.0,1.0,1.0,3.0,3.0,5.0,4.0,5.0,3.0,5.0,126.0,29.0,10,24,12,2,1.0,500.0,26.0,0.0,26,1.0,1.0,1.0,0.0,0.0,0.0,0.0,0.0,0.0,5,5,5,5,0.0,0.0,1.0,0.0,0.0,1.0,0.0,0.0,0.0,0.0,0.0,0.0,0.0,1.0,250,184,150,30,3,1,66,1,100.0,0,100,0,0,0,100,0,100,0,0,1,40.0,0.0,0.0,0.0,0.0,1.0,1.0,1.0,0.0,0.0,0.0,1,1,2.0,1.0,1.0,0.0,0.0,1.0,0.0,0.0,0.0,2.0,3.13636363636364,22,0
2023,1,30,1,1,1,0,1,1,0,0,0,0,0,0,0,0,0,0,0,0,0,0,0,0,0.0,0.0,0.0,0.0,1,C,15,2,1,2021,4,2,0.0,3,1,2.0,0.0,10.0,5.0,4.0,4.0,4.0,1.0,2.0,2.0,2.0,3.0,4.0,4.0,2.0,2.0,4.0,3.0,75.0,58.0,10,30,12,1,0.0,0.0,0.0,0.0,33,1.0,1.0,0.0,0.0,1.0,0.0,0.0,0.0,0.0,4,4,4,3,0.0,0.0,0.0,0.0,0.0,1.0,0.0,0.0,0.0,0.0,0.0,0.0,0.0,1.0,40,36,29,0,0,7,4,1,100.0,15,85,0,0,0,100,10,90,0,0,2,0.0,0.0,1.0,1.0,0.0,0.0,0.0,0.0,1.0,0.0,0.0,1,2,0.0,1.0,0.0,1.0,0.0,1.0,0.0,0.0,0.0,2.0,5.72727272727273,34,0
2023,1,30,1,1,1,0,1,1,0,0,0,0,0,0,0,0,0,0,0,0,0,0,0,0,0.0,0.0,0.0,0.0,1,C,15,2,1,2022,8,2,0.0,3,1,2.0,0.0,6.0,5.0,5.0,5.0,5.0,1.0,1.0,2.0,1.0,3.0,2.0,2.0,3.0,1.0,2.0,2.0,38.0,15.0,9,22,12,2,5.0,0.0,0.0,0.0,50,0.0,1.0,1.0,0.0,1.0,0.0,0.0,0.0,0.0,5,5,5,5,0.0,0.0,0.0,0.0,0.0,0.0,0.0,1.0,1.0,0.0,0.0,0.0,0.0,1.0,14,12,3,9,0,0,2,1,100.0,0,100,0,0,0,100,0,100,0,0,1,30.0,0.0,1.0,0.0,0.0,0.0,0.0,0.0,1.0,0.0,0.0,1,1,2.0,0.0,1.0,1.0,0.0,1.0,0.0,0.0,0.0,2.0,1.4,32,0
2023,1,30,1,1,1,0,1,1,0,0,0,0,0,0,0,0,0,0,0,0,0,0,0,0,0.0,0.0,0.0,0.0,1,C,16,2,1,2019,2,2,0.0,3,1,2.0,0.0,6.0,4.0,5.0,5.0,5.0,2.0,1.0,1.0,2.0,2.0,3.0,4.0,4.0,2.0,2.0,2.0,25.0,25.0,12,26,12,2,1.0,500.0,30.0,0.0,70,0.0,0.0,0.0,0.0,0.0,0.0,0.0,0.0,1.0,1,1,1,1,0.0,0.0,0.0,0.0,0.0,0.0,0.0,1.0,2.0,0.0,0.0,0.0,0.0,1.0,25,24,17,0,4,3,1,2,0.0,90,10,0,0,0,100,90,10,0,0,2,0.0,0.0,0.0,1.0,0.0,0.0,0.0,0.0,0.0,0.0,0.0,2,2,0.0,1.0,0.0,1.0,0.0,0.0,0.0,0.0,0.0,2.0,11.8,23,0
2023,1,30,1,1,1,0,1,1,0,0,0,0,0,0,0,0,0,0,0,0,0,0,0,0,0.0,0.0,0.0,0.0,1,C,16,2,2,2021,9,2,0.0,3,1,0.0,0.0,0.0,0.0,0.0,0.0,0.0,0.0,0.0,0.0,0.0,0.0,0.0,0.0,0.0,0.0,0.0,0.0,0.0,0.0,8,22,12,1,0.0,0.0,0.0,0.0,66,0.0,0.0,0.0,0.0,0.0,0.0,0.0,0.0,1.0,1,1,1,1,0.0,0.0,0.0,0.0,0.0,0.0,0.0,1.0,2.0,0.0,0.0,0.0,0.0,1.0,13,11,0,0,0,11,2,2,0.0,0,0,0,0,100,100,0,0,0,100,1,16.0,1.0,0.0,0.0,0.0,0.0,0.0,0.0,0.0,0.0,0.0,2,1,2.0,0.0,0.0,1.0,0.0,0.0,0.0,0.0,0.0,0.0,22.9285714285714,35,1
2023,1,30,1,1,1,0,1,1,0,0,0,0,0,0,0,0,0,0,0,0,0,0,0,0,0.0,0.0,0.0,0.0,1,C,17,2,1,2000,3,2,0.0,3,1,0.0,0.0,0.0,0.0,0.0,0.0,0.0,0.0,0.0,0.0,0.0,0.0,0.0,0.0,0.0,0.0,0.0,0.0,0.0,0.0,9,22,12,2,1.0,3000.0,140.0,0.0,50,0.0,0.0,0.0,0.0,0.0,0.0,0.0,0.0,1.0,4,3,3,2,0.0,0.0,0.0,0.0,0.0,0.0,0.0,1.0,2.0,1.0,1.0,0.0,0.0,0.0,131,113,95,0,17,1,18,2,0.0,10,90,0,0,0,100,0,100,0,0,1,179.0,0.0,1.0,0.0,1.0,0.0,1.0,0.0,0.0,0.0,0.0,1,1,3.0,0.0,1.0,0.0,1.0,0.0,1.0,0.0,0.0,2.0,23.4,35,0
2023,1,30,1,1,1,0,1,1,0,0,0,0,0,0,0,0,0,0,0,0,0,0,0,0,0.0,0.0,0.0,0.0,1,C,17,2,1,2010,6,2,0.0,3,1,0.0,0.0,0.0,0.0,0.0,0.0,0.0,0.0,0.0,0.0,0.0,0.0,0.0,0.0,0.0,0.0,0.0,0.0,0.0,0.0,8,22,12,2,1.0,2000.0,220.0,0.0,187,0.0,1.0,0.0,0.0,0.0,0.0,0.0,0.0,0.0,4,5,2,2,0.0,0.0,0.0,0.0,0.0,0.0,0.0,1.0,1.0,0.0,0.0,0.0,0.0,1.0,523,467,312,0,27,128,56,2,0.0,95,3,0,0,2,100,98,2,0,0,1,30.0,0.0,0.0,1.0,0.0,1.0,1.0,0.0,0.0,0.0,0.0,3,1,2.0,1.0,0.0,1.0,0.0,1.0,0.0,0.0,0.0,2.0,72.3333333333333,37,0
2023,1,30,1,1,1,0,1,1,0,0,0,0,0,0,0,0,0,0,0,0,0,0,0,0,0.0,0.0,0.0,0.0,1,C,17,2,1,2020,9,2,0.0,3,1,2.0,1.0,3.0,3.0,4.0,4.0,4.0,1.0,1.0,1.0,1.0,2.0,4.0,4.0,3.0,3.0,2.0,4.0,132.0,97.0,8,26,12,2,1.0,1000.0,200.0,0.0,165,0.0,1.0,0.0,0.0,1.0,0.0,0.0,0.0,0.0,4,4,3,3,0.0,0.0,0.0,0.0,1.0,0.0,0.0,0.0,0.0,0.0,0.0,0.0,0.0,1.0,72,59,19,0,25,15,13,2,0.0,100,0,0,0,0,100,100,0,0,0,1,92.0,0.0,1.0,1.0,0.0,0.0,0.0,0.0,1.0,0.0,0.0,2,1,2.0,0.0,0.0,1.0,0.0,1.0,1.0,0.0,0.0,0.0,70.0,38,1
2023,1,30,1,1,1,0,1,1,0,0,0,0,0,0,0,0,0,0,0,0,0,0,0,0,0.0,0.0,0.0,0.0,1,C,17,2,1,2021,3,2,0.0,3,1,3.0,0.0,8.0,2.0,4.0,5.0,2.0,2.0,1.0,1.0,2.0,3.0,4.0,3.0,4.0,1.0,2.0,3.0,82.0,7.0,9,26,12,2,1.0,2000.0,190.0,0.0,80,0.0,0.0,0.0,0.0,0.0,0.0,0.0,0.0,1.0,3,4,2,3,0.0,0.0,0.0,0.0,0.0,0.0,0.0,1.0,1.0,0.0,0.0,0.0,0.0,1.0,66,47,22,0,23,2,19,2,0.0,10,90,0,0,0,100,0,100,0,0,1,70.0,1.0,0.0,1.0,0.0,1.0,0.0,0.0,0.0,0.0,0.0,1,1,3.0,0.0,0.0,1.0,0.0,1.0,1.0,0.0,0.0,2.0,4.13636363636364,35,0
2023,1,30,1,1,1,0,1,1,0,0,0,0,0,0,0,0,0,0,0,0,0,0,0,0,0.0,0.0,0.0,0.0,1,C,18,2,1,2016,6,2,0.0,3,1,0.0,0.0,0.0,0.0,0.0,0.0,0.0,0.0,0.0,0.0,0.0,0.0,0.0,0.0,0.0,0.0,0.0,0.0,0.0,0.0,8,20,12,2,5.0,0.0,0.0,0.0,49,1.0,1.0,0.0,0.0,1.0,0.0,0.0,0.0,0.0,4,4,2,4,0.0,0.0,0.0,0.0,0.0,1.0,0.0,0.0,0.0,0.0,0.0,0.0,0.0,1.0,145,137,119,0,0,18,8,1,100.0,20,80,0,0,0,100,0,10,0,90,2,0.0,0.0,1.0,0.0,0.0,0.0,0.0,0.0,0.0,0.0,0.0,2,1,2.0,1.0,1.0,1.0,0.0,0.0,0.0,0.0,0.0,2.0,25.6666666666667,34,0
2023,1,30,1,1,1,0,1,1,0,0,0,0,0,0,0,0,0,0,0,0,0,0,0,0,0.0,0.0,0.0,0.0,1,C,18,2,1,2018,10,2,0.0,3,1,2.0,1.0,1.0,2.0,2.0,3.0,1.0,2.0,2.0,2.0,2.0,2.0,1.0,1.0,1.0,1.0,1.0,4.0,13.0,13.0,5,20,12,2,1.0,500.0,80.0,0.0,23,0.0,0.0,0.0,0.0,0.0,0.0,0.0,0.0,1.0,4,3,2,3,0.0,0.0,0.0,0.0,0.0,0.0,0.0,1.0,2.0,0.0,0.0,0.0,0.0,1.0,20,16,6,0,10,0,4,2,0.0,20,80,0,0,0,100,50,50,0,0,1,21.0,0.0,0.0,0.0,0.0,0.0,0.0,0.0,1.0,0.0,0.0,2,2,0.0,1.0,0.0,0.0,0.0,1.0,0.0,0.0,0.0,2.0,8.8030303030303,21,0
2023,1,30,1,1,1,0,1,1,0,0,0,0,0,0,0,0,0,0,0,0,0,0,0,0,0.0,0.0,0.0,0.0,1,C,18,2,1,2022,4,1,4.0,3,1,2.0,0.0,2.0,3.0,3.0,5.0,3.0,2.0,2.0,1.0,2.0,3.0,4.0,4.0,3.0,2.0,3.0,3.0,63.0,63.0,8,22,12,2,1.0,1000.0,170.0,0.0,49,0.0,1.0,0.0,0.0,0.0,0.0,0.0,0.0,0.0,3,2,4,3,0.0,0.0,0.0,0.0,0.0,0.0,0.0,1.0,2.0,0.0,0.0,0.0,0.0,1.0,151,102,73,0,21,8,49,2,0.0,80,20,0,0,0,100,90,10,0,0,1,181.0,0.0,0.0,0.0,1.0,1.0,0.0,0.0,0.0,0.0,0.0,2,2,0.0,0.0,0.0,0.0,0.0,1.0,0.0,0.0,0.0,2.0,11.0697674418605,22,0
2023,1,30,1,1,1,0,1,1,0,0,0,0,0,0,0,0,0,0,0,0,0,0,0,0,0.0,0.0,0.0,0.0,1,C,18,2,2,2019,9,2,0.0,4,1,0.0,0.0,0.0,0.0,0.0,0.0,0.0,0.0,0.0,0.0,0.0,0.0,0.0,0.0,0.0,0.0,0.0,0.0,0.0,0.0,6,20,12,2,1.0,5000.0,140.0,0.0,59,0.0,0.0,0.0,0.0,0.0,0.0,0.0,0.0,1.0,2,2,1,3,0.0,0.0,0.0,0.0,0.0,0.0,0.0,1.0,2.0,0.0,0.0,0.0,0.0,1.0,121,108,91,0,17,0,13,2,0.0,0,10,0,0,90,100,0,10,0,90,1,203.0,0.0,0.0,1.0,0.0,0.0,0.0,0.0,0.0,0.0,0.0,1,1,2.0,1.0,0.0,0.0,0.0,0.0,0.0,1.0,0.0,0.0,93.0,11,1
2023,1,30,1,1,1,0,1,1,0,0,0,0,0,0,0,0,0,0,0,0,0,0,0,0,0.0,0.0,0.0,0.0,1,C,20,2,1,2017,5,1,1.0,2,1,3.0,0.0,7.0,5.0,5.0,4.0,4.0,1.0,1.0,1.0,2.0,5.0,4.0,5.0,4.0,4.0,4.0,4.0,19.0,19.0,9,20,12,2,2.0,0.0,10.0,0.0,34,0.0,0.0,0.0,0.0,0.0,0.0,0.0,0.0,1.0,4,4,4,4,0.0,0.0,0.0,0.0,0.0,0.0,0.0,1.0,2.0,0.0,0.0,0.0,0.0,1.0,18,9,6,0,2,1,9,1,3.0,20,80,0,0,0,100,0,100,0,0,2,0.0,0.0,1.0,0.0,0.0,0.0,0.0,0.0,0.0,0.0,0.0,2,1,4.0,1.0,0.0,0.0,0.0,0.0,0.0,0.0,0.0,2.0,36.3548387096774,11,0
2023,1,30,1,1,1,0,1,1,0,0,0,0,0,0,0,0,0,0,0,0,0,0,0,0,0.0,0.0,0.0,0.0,1,C,20,2,1,2018,10,2,0.0,3,1,2.0,0.0,8.0,5.0,4.0,4.0,5.0,1.0,1.0,1.0,1.0,3.0,2.0,5.0,3.0,4.0,4.0,4.0,101.0,101.0,9,28,12,1,0.0,0.0,0.0,0.0,493,0.0,1.0,1.0,0.0,0.0,0.0,0.0,0.0,0.0,5,5,4,5,0.0,0.0,0.0,0.0,0.0,0.0,0.0,1.0,1.0,1.0,0.0,0.0,0.0,0.0,593,443,424,4,0,15,150,2,0.0,50,30,0,20,0,100,100,0,0,0,1,79.0,0.0,0.0,1.0,0.0,0.0,1.0,0.0,0.0,0.0,0.0,1,1,2.0,1.0,0.0,0.0,0.0,0.0,1.0,0.0,0.0,2.0,9.72222222222222,34,0
2023,1,30,1,1,1,0,1,1,0,0,0,0,0,0,0,0,0,0,0,0,0,0,0,0,0.0,0.0,0.0,0.0,1,C,20,2,1,2019,12,2,0.0,3,1,3.0,1.0,0.0,5.0,4.0,5.0,3.0,1.0,1.0,1.0,2.0,2.0,3.0,3.0,3.0,1.0,3.0,3.0,75.0,29.0,10,26,12,2,1.0,3000.0,140.0,0.0,90,0.0,0.0,0.0,0.0,0.0,0.0,0.0,0.0,1.0,5,4,5,5,0.0,0.0,0.0,0.0,0.0,0.0,0.0,1.0,2.0,0.0,0.0,0.0,0.0,1.0,111,94,71,0,17,6,17,2,0.0,10,90,0,0,0,100,0,100,0,0,1,239.0,0.0,1.0,0.0,0.0,0.0,1.0,0.0,0.0,1.0,0.0,1,2,0.0,0.0,1.0,0.0,1.0,1.0,0.0,0.0,0.0,2.0,11.8333333333333,24,0
2023,1,30,1,1,1,0,1,1,0,0,0,0,0,0,0,0,0,0,0,0,0,0,0,0,0.0,0.0,0.0,0.0,1,C,20,2,1,2020,5,2,0.0,3,1,3.0,1.0,6.0,5.0,4.0,3.0,5.0,1.0,1.0,2.0,1.0,3.0,2.0,4.0,2.0,1.0,4.0,3.0,38.0,7.0,10,29,12,2,1.0,600.0,150.0,0.0,110,0.0,0.0,0.0,0.0,0.0,0.0,0.0,0.0,1.0,3,2,2,3,0.0,0.0,0.0,0.0,0.0,0.0,0.0,1.0,2.0,0.0,0.0,0.0,0.0,1.0,65,53,33,0,18,2,12,2,0.0,10,90,0,0,0,100,0,100,0,0,1,89.0,0.0,1.0,1.0,0.0,0.0,0.0,0.0,1.0,0.0,0.0,2,1,1.0,0.0,0.0,1.0,0.0,1.0,0.0,1.0,0.0,2.0,11.8333333333333,24,0
2023,1,30,1,1,1,0,1,1,0,0,0,0,0,0,0,0,0,0,0,0,0,0,0,0,0.0,0.0,0.0,0.0,1,C,20,2,1,2020,5,2,0.0,4,1,2.0,0.0,1.0,3.0,4.0,4.0,3.0,2.0,1.0,1.0,2.0,3.0,3.0,4.0,4.0,4.0,3.0,3.0,13.0,13.0,8,22,12,2,1.0,1000.0,50.0,0.0,26,1.0,1.0,0.0,0.0,0.0,0.0,0.0,0.0,0.0,3,4,3,3,0.0,0.0,0.0,0.0,0.0,0.0,0.0,1.0,2.0,0.0,0.0,0.0,0.0,1.0,12,11,4,0,6,1,1,2,0.0,100,0,0,0,0,100,0,100,0,0,1,21.0,0.0,1.0,1.0,0.0,0.0,0.0,0.0,0.0,0.0,0.0,1,2,0.0,1.0,0.0,1.0,1.0,0.0,0.0,0.0,0.0,2.0,4.2972972972973,25,0
2023,1,30,1,1,1,0,1,1,0,0,0,0,0,0,0,0,0,0,0,0,0,0,0,0,0.0,0.0,0.0,0.0,1,C,20,2,2,2019,11,2,0.0,3,1,0.0,0.0,0.0,0.0,0.0,0.0,0.0,0.0,0.0,0.0,0.0,0.0,0.0,0.0,0.0,0.0,0.0,0.0,0.0,0.0,8,24,12,2,2.0,0.0,72.0,0.0,132,0.0,0.0,0.0,0.0,0.0,0.0,0.0,0.0,1.0,3,3,2,4,0.0,0.0,0.0,0.0,0.0,0.0,0.0,1.0,2.0,0.0,0.0,0.0,0.0,1.0,189,184,93,0,37,54,5,2,0.0,0,100,0,0,0,100,0,100,0,0,2,0.0,0.0,1.0,0.0,0.0,0.0,0.0,0.0,1.0,0.0,0.0,2,2,0.0,1.0,0.0,1.0,0.0,0.0,0.0,0.0,0.0,2.0,8.92307692307692,22,0
2023,1,30,1,1,1,0,1,1,0,0,0,0,0,0,0,0,0,0,0,0,0,0,0,0,0.0,0.0,0.0,0.0,1,C,20,2,3,2015,1,2,0.0,3,1,0.0,0.0,0.0,0.0,0.0,0.0,0.0,0.0,0.0,0.0,0.0,0.0,0.0,0.0,0.0,0.0,0.0,0.0,0.0,0.0,10,22,12,1,0.0,0.0,0.0,0.0,200,0.0,1.0,0.0,0.0,0.0,0.0,0.0,0.0,0.0,3,3,3,3,0.0,0.0,0.0,0.0,0.0,0.0,0.0,1.0,2.0,0.0,0.0,0.0,0.0,1.0,39,34,22,0,0,12,5,2,0.0,100,0,0,0,0,100,0,0,0,100,1,57.0,0.0,0.0,1.0,0.0,0.0,0.0,0.0,0.0,0.0,0.0,2,2,0.0,1.0,1.0,0.0,0.0,0.0,0.0,0.0,0.0,2.0,12.5777777777778,11,0
2023,1,30,1,1,1,0,1,1,0,0,0,0,0,0,0,0,0,0,0,0,0,0,0,0,0.0,0.0,0.0,0.0,1,C,23,2,1,2014,5,2,0.0,4,1,0.0,0.0,0.0,0.0,0.0,0.0,0.0,0.0,0.0,0.0,0.0,0.0,0.0,0.0,0.0,0.0,0.0,0.0,0.0,0.0,8,22,12,2,1.0,300.0,90.0,0.0,211,1.0,1.0,0.0,0.0,0.0,0.0,0.0,0.0,0.0,3,3,3,3,0.0,0.0,0.0,0.0,0.0,0.0,0.0,1.0,2.0,0.0,0.0,0.0,0.0,1.0,784,700,689,0,11,0,84,2,0.0,100,0,0,0,0,100,100,0,0,0,1,1145.0,0.0,0.0,1.0,0.0,0.0,0.0,0.0,0.0,0.0,0.0,1,2,0.0,1.0,0.0,0.0,0.0,0.0,0.0,0.0,0.0,1.0,4.8,22,0
2023,1,30,1,1,1,0,1,1,0,0,0,0,0,0,0,0,0,0,0,0,0,0,0,0,0.0,0.0,0.0,0.0,1,C,23,2,1,2016,9,2,0.0,3,1,0.0,0.0,0.0,0.0,0.0,0.0,0.0,0.0,0.0,0.0,0.0,0.0,0.0,0.0,0.0,0.0,0.0,0.0,0.0,0.0,7,24,12,2,1.0,1000.0,100.0,0.0,120,1.0,0.0,0.0,1.0,0.0,1.0,0.0,0.0,0.0,4,4,4,4,0.0,0.0,0.0,0.0,0.0,0.0,0.0,1.0,2.0,0.0,0.0,0.0,0.0,1.0,10,17,5,0,12,0,-7,2,0.0,0,50,0,0,50,100,0,50,0,50,2,0.0,0.0,0.0,1.0,0.0,0.0,0.0,0.0,0.0,0.0,0.0,2,2,0.0,1.0,0.0,0.0,0.0,0.0,0.0,0.0,0.0,2.0,6.93103448275862,23,0
2023,1,30,1,1,1,0,1,1,0,0,0,0,0,0,0,0,0,0,0,0,0,0,0,0,0.0,0.0,0.0,0.0,1,C,23,2,1,2019,10,2,0.0,1,1,2.0,0.0,10.0,3.0,4.0,3.0,3.0,2.0,1.0,1.0,2.0,4.0,5.0,4.0,5.0,2.0,3.0,4.0,151.0,72.0,8,23,12,2,1.0,3000.0,570.0,0.0,186,1.0,1.0,1.0,0.0,0.0,0.0,0.0,0.0,0.0,3,3,2,2,0.0,0.0,0.0,0.0,0.0,0.0,0.0,1.0,2.0,0.0,0.0,0.0,0.0,1.0,857,757,631,0,69,57,100,2,0.0,100,0,0,0,0,100,100,0,0,0,1,239.0,0.0,1.0,1.0,0.0,0.0,0.0,0.0,1.0,0.0,0.0,1,1,2.0,1.0,0.0,1.0,1.0,0.0,0.0,0.0,0.0,0.0,36.0,29,1
2023,1,30,1,1,1,0,1,1,0,0,0,0,0,0,0,0,0,0,0,0,0,0,0,0,0.0,0.0,0.0,0.0,1,C,23,2,1,2020,10,2,0.0,4,1,2.0,3.0,0.0,4.0,4.0,3.0,3.0,1.0,1.0,2.0,2.0,3.0,3.0,4.0,4.0,3.0,3.0,3.0,38.0,38.0,11,25,12,2,1.0,1000.0,20.0,0.0,33,0.0,1.0,0.0,0.0,0.0,0.0,0.0,0.0,0.0,4,4,4,4,0.0,0.0,0.0,0.0,0.0,0.0,0.0,1.0,2.0,0.0,0.0,0.0,0.0,1.0,27,26,9,14,3,0,1,2,0.0,10,90,0,0,0,100,30,70,0,0,2,0.0,1.0,0.0,1.0,0.0,0.0,0.0,0.0,1.0,0.0,0.0,2,1,3.0,1.0,0.0,1.0,0.0,0.0,0.0,0.0,0.0,2.0,23.6153846153846,11,0
2023,1,30,1,1,1,0,1,1,0,0,0,0,0,0,0,0,0,0,0,0,0,0,0,0,0.0,0.0,0.0,0.0,1,C,23,2,1,2022,3,2,0.0,3,1,1.0,0.0,3.0,3.0,2.0,2.0,2.0,2.0,2.0,2.0,2.0,4.0,3.0,3.0,3.0,3.0,3.0,3.0,25.0,25.0,9,24,12,2,1.0,1000.0,110.0,0.0,165,0.0,0.0,0.0,0.0,0.0,0.0,0.0,0.0,1.0,3,3,3,3,0.0,0.0,0.0,0.0,0.0,0.0,0.0,1.0,2.0,0.0,0.0,0.0,0.0,1.0,20,19,4,0,13,2,1,2,0.0,20,80,0,0,0,100,0,100,0,0,1,42.0,0.0,0.0,1.0,0.0,0.0,0.0,0.0,0.0,0.0,0.0,2,2,0.0,0.0,0.0,1.0,0.0,0.0,0.0,0.0,0.0,2.0,23.0833333333333,23,0
2023,1,30,1,1,1,0,1,1,0,0,0,0,0,0,0,0,0,0,0,0,0,0,0,0,0.0,0.0,0.0,0.0,1,C,23,2,3,2009,7,2,0.0,3,1,0.0,0.0,0.0,0.0,0.0,0.0,0.0,0.0,0.0,0.0,0.0,0.0,0.0,0.0,0.0,0.0,0.0,0.0,0.0,0.0,8,22,12,1,0.0,0.0,0.0,0.0,165,0.0,1.0,0.0,0.0,0.0,0.0,0.0,0.0,0.0,3,3,3,3,0.0,0.0,0.0,0.0,0.0,0.0,0.0,1.0,2.0,0.0,0.0,0.0,0.0,1.0,1672,1337,797,0,0,540,335,2,0.0,100,0,0,0,0,100,100,0,0,0,1,1300.0,0.0,0.0,1.0,0.0,0.0,1.0,0.0,0.0,0.0,0.0,2,1,3.0,1.0,0.0,0.0,0.0,0.0,0.0,0.0,0.0,1.0,15.0434782608696,33,0
2023,1,30,1,1,1,0,1,1,0,0,0,0,0,0,0,0,0,0,0,0,0,0,0,0,0.0,0.0,0.0,0.0,1,C,24,2,1,2017,2,2,0.0,3,1,2.0,0.0,3.0,3.0,3.0,5.0,3.0,2.0,2.0,1.0,2.0,3.0,3.0,3.0,3.0,3.0,3.0,3.0,63.0,63.0,8,20,12,2,2.0,0.0,66.0,0.0,400,0.0,0.0,0.0,0.0,0.0,0.0,0.0,0.0,1.0,1,1,1,1,0.0,0.0,0.0,0.0,0.0,0.0,0.0,1.0,2.0,0.0,0.0,0.0,0.0,1.0,146,127,40,67,20,0,19,2,0.0,100,0,0,0,0,100,100,0,0,0,2,0.0,0.0,0.0,1.0,0.0,0.0,0.0,0.0,0.0,0.0,0.0,2,1,1.0,1.0,0.0,0.0,0.0,0.0,0.0,0.0,0.0,2.0,12.8484848484848,37,0
2023,1,30,1,1,1,0,1,1,0,0,0,0,0,0,0,0,0,0,0,0,0,0,0,0,0.0,0.0,0.0,0.0,1,C,24,2,1,2020,4,2,0.0,3,1,2.0,3.0,0.0,2.0,2.0,3.0,2.0,2.0,2.0,1.0,2.0,3.0,3.0,3.0,3.0,3.0,3.0,3.0,126.0,126.0,8,24,12,2,5.0,0.0,0.0,0.0,661,0.0,0.0,0.0,0.0,0.0,0.0,0.0,0.0,1.0,1,1,1,1,0.0,0.0,0.0,0.0,0.0,0.0,0.0,1.0,2.0,0.0,0.0,0.0,0.0,1.0,81,76,67,0,0,9,5,2,0.0,100,0,0,0,0,100,100,0,0,0,1,185.0,0.0,1.0,0.0,0.0,0.0,0.0,0.0,0.0,0.0,0.0,2,1,2.0,1.0,0.0,0.0,0.0,1.0,0.0,0.0,0.0,2.0,12.8484848484848,37,0
2023,1,30,1,1,1,0,1,1,0,0,0,0,0,0,0,0,0,0,0,0,0,0,0,0,0.0,0.0,0.0,0.0,1,C,24,2,1,2022,12,2,0.0,3,1,2.0,0.0,6.0,3.0,3.0,3.0,3.0,2.0,2.0,2.0,2.0,3.0,3.0,3.0,3.0,3.0,3.0,3.0,63.0,36.0,8,24,12,2,1.0,3000.0,594.0,0.0,660,0.0,0.0,0.0,0.0,0.0,0.0,0.0,0.0,1.0,3,3,3,3,0.0,1.0,0.0,0.0,0.0,0.0,0.0,0.0,0.0,0.0,0.0,0.0,0.0,1.0,1782,1782,356,0,713,713,0,2,0.0,100,0,0,0,0,100,0,0,0,100,1,2816.0,1.0,0.0,0.0,1.0,1.0,0.0,0.0,0.0,0.0,0.0,2,1,2.0,1.0,0.0,1.0,0.0,0.0,0.0,1.0,0.0,2.0,109.0,38,0
2023,1,30,1,1,1,0,1,1,0,0,0,0,0,0,0,0,0,0,0,0,0,0,0,0,0.0,0.0,0.0,0.0,1,C,25,2,1,2002,4,2,0.0,3,1,0.0,0.0,0.0,0.0,0.0,0.0,0.0,0.0,0.0,0.0,0.0,0.0,0.0,0.0,0.0,0.0,0.0,0.0,0.0,0.0,9,25,12,1,0.0,0.0,0.0,0.0,130,0.0,0.0,0.0,0.0,0.0,0.0,0.0,0.0,1.0,2,2,2,2,0.0,0.0,0.0,0.0,0.0,0.0,0.0,1.0,2.0,0.0,0.0,0.0,0.0,1.0,3000,2100,1800,0,100,200,900,2,0.0,95,5,0,0,0,100,0,80,0,20,1,100.0,1.0,0.0,0.0,0.0,0.0,0.0,0.0,0.0,0.0,0.0,2,1,2.0,1.0,0.0,0.0,0.0,0.0,0.0,0.0,0.0,2.0,26.1904761904762,25,0
2023,1,30,1,1,1,0,1,1,0,0,0,0,0,0,0,0,0,0,0,0,0,0,0,0,0.0,0.0,0.0,0.0,1,C,25,2,1,2017,1,2,0.0,3,1,2.0,5.0,0.0,3.0,3.0,5.0,3.0,2.0,2.0,1.0,2.0,3.0,3.0,3.0,3.0,3.0,3.0,3.0,13.0,13.0,10,26,12,2,2.0,0.0,55.0,0.0,330,0.0,0.0,1.0,0.0,0.0,0.0,0.0,0.0,0.0,3,3,3,3,0.0,0.0,0.0,0.0,0.0,0.0,0.0,1.0,2.0,0.0,0.0,0.0,0.0,1.0,500,431,262,0,21,148,69,2,0.0,20,0,0,0,80,100,50,50,0,0,1,89.0,0.0,0.0,0.0,0.0,0.0,0.0,0.0,0.0,0.0,1.0,1,1,2.0,1.0,0.0,0.0,0.0,0.0,0.0,0.0,0.0,2.0,21.7777777777778,39,0
2023,1,30,1,1,1,0,1,1,0,0,0,0,0,0,0,0,0,0,0,0,0,0,0,0,0.0,0.0,0.0,0.0,1,C,25,2,1,2021,3,2,0.0,2,1,2.0,1.0,6.0,2.0,3.0,4.0,3.0,2.0,2.0,1.0,2.0,3.0,5.0,4.0,5.0,3.0,3.0,4.0,107.0,58.0,8,23,12,2,1.0,3000.0,130.0,0.0,82,1.0,1.0,1.0,0.0,0.0,0.0,0.0,0.0,0.0,3,3,4,4,0.0,0.0,0.0,0.0,0.0,0.0,0.0,1.0,2.0,0.0,0.0,0.0,0.0,1.0,120,102,75,0,16,11,18,1,55.0,100,0,0,0,0,100,100,0,0,0,1,134.0,0.0,1.0,1.0,0.0,0.0,0.0,0.0,1.0,0.0,0.0,1,1,2.0,1.0,0.0,1.0,1.0,0.0,0.0,0.0,0.0,2.0,26.1904761904762,25,0
2023,1,30,1,1,1,0,1,1,0,0,0,0,0,0,0,0,0,0,0,0,0,0,0,0,0.0,0.0,0.0,0.0,1,C,25,2,1,2021,9,2,0.0,3,1,2.0,0.0,7.0,2.0,4.0,4.0,1.0,2.0,1.0,1.0,2.0,3.0,2.0,4.0,4.0,4.0,2.0,2.0,251.0,251.0,8,25,12,2,1.0,1000.0,84.0,0.0,1652,0.0,1.0,0.0,0.0,0.0,0.0,0.0,0.0,0.0,3,2,2,3,0.0,0.0,0.0,0.0,0.0,0.0,0.0,1.0,2.0,0.0,0.0,0.0,0.0,1.0,96,58,48,0,10,0,38,2,0.0,70,30,0,0,0,100,60,40,0,0,1,50.0,0.0,0.0,1.0,0.0,0.0,0.0,0.0,0.0,0.0,0.0,2,2,0.0,1.0,0.0,0.0,0.0,0.0,0.0,0.0,0.0,1.0,132.25,36,0
2023,1,30,1,1,1,0,1,1,0,0,0,0,0,0,0,0,0,0,0,0,0,0,0,0,0.0,0.0,0.0,0.0,1,C,25,2,1,2022,11,2,0.0,3,1,2.0,0.0,5.0,3.0,3.0,3.0,3.0,2.0,2.0,2.0,2.0,4.0,4.0,4.0,4.0,4.0,4.0,4.0,63.0,36.0,8,24,12,2,5.0,0.0,0.0,0.0,33,0.0,0.0,0.0,0.0,0.0,0.0,0.0,0.0,1.0,3,3,3,3,0.0,0.0,0.0,0.0,0.0,0.0,0.0,1.0,2.0,0.0,0.0,0.0,0.0,1.0,59,60,12,0,24,24,-1,2,0.0,0,100,0,0,0,100,0,100,0,0,1,63.0,0.0,0.0,1.0,1.0,0.0,0.0,0.0,0.0,0.0,0.0,2,2,0.0,0.0,1.0,1.0,0.0,0.0,0.0,0.0,0.0,2.0,431.266666666667,38,0
2023,1,30,1,1,1,0,1,1,0,0,0,0,0,0,0,0,0,0,0,0,0,0,0,0,0.0,0.0,0.0,0.0,1,C,26,1,2,2021,2,2,0.0,2,2,0.0,0.0,0.0,0.0,0.0,0.0,0.0,0.0,0.0,0.0,0.0,0.0,0.0,0.0,0.0,0.0,0.0,0.0,0.0,0.0,10,25,12,2,1.0,3500.0,320.0,0.0,67,0.0,0.0,0.0,0.0,0.0,0.0,0.0,0.0,1.0,3,3,3,3,0.0,0.0,0.0,0.0,1.0,1.0,0.0,0.0,0.0,0.0,0.0,0.0,0.0,1.0,350,319,278,0,39,2,31,1,19.0,10,60,0,0,30,100,0,100,0,0,1,149.0,1.0,1.0,0.0,0.0,0.0,0.0,0.0,1.0,0.0,0.0,1,1,3.0,1.0,0.0,1.0,0.0,0.0,0.0,0.0,0.0,2.0,34.0,21,0
2023,1,30,1,1,1,0,1,1,0,0,0,0,0,0,0,0,0,0,0,0,0,0,0,0,0.0,0.0,0.0,0.0,1,C,26,2,1,2014,4,2,0.0,3,1,0.0,0.0,0.0,0.0,0.0,0.0,0.0,0.0,0.0,0.0,0.0,0.0,0.0,0.0,0.0,0.0,0.0,0.0,0.0,0.0,8,24,12,2,1.0,250.0,27.0,0.0,82,0.0,0.0,0.0,0.0,0.0,0.0,0.0,0.0,1.0,3,3,3,3,0.0,0.0,0.0,0.0,0.0,0.0,0.0,1.0,2.0,0.0,0.0,0.0,0.0,1.0,800,800,160,0,320,320,0,2,0.0,0,100,0,0,0,100,0,100,0,0,1,1766.0,1.0,0.0,0.0,1.0,1.0,0.0,0.0,0.0,0.0,0.0,1,2,0.0,0.0,1.0,1.0,0.0,0.0,0.0,0.0,0.0,2.0,7.97222222222222,38,0
2023,1,30,1,1,1,0,1,1,0,0,0,0,0,0,0,0,0,0,0,0,0,0,0,0,0.0,0.0,0.0,0.0,1,C,26,2,1,2015,9,2,0.0,3,1,0.0,0.0,0.0,0.0,0.0,0.0,0.0,0.0,0.0,0.0,0.0,0.0,0.0,0.0,0.0,0.0,0.0,0.0,0.0,0.0,10,22,12,2,1.0,1000.0,20.0,0.0,35,0.0,0.0,0.0,0.0,0.0,0.0,0.0,0.0,1.0,3,2,2,2,0.0,0.0,0.0,0.0,0.0,0.0,0.0,1.0,2.0,0.0,0.0,0.0,0.0,1.0,24,20,16,0,3,1,4,2,0.0,10,90,0,0,0,100,0,100,0,0,1,119.0,0.0,0.0,1.0,0.0,1.0,0.0,1.0,0.0,0.0,0.0,1,2,0.0,0.0,1.0,0.0,1.0,1.0,0.0,0.0,0.0,2.0,5.125,35,0
2023,1,30,1,1,1,0,1,1,0,0,0,0,0,0,0,0,0,0,0,0,0,0,0,0,0.0,0.0,0.0,0.0,1,C,26,2,1,2017,7,2,0.0,3,1,2.0,0.0,5.0,5.0,5.0,5.0,3.0,1.0,1.0,1.0,1.0,4.0,3.0,5.0,4.0,3.0,2.0,2.0,126.0,58.0,12,25,12,2,1.0,3000.0,150.0,0.0,132,0.0,1.0,0.0,0.0,0.0,0.0,0.0,0.0,0.0,4,4,5,3,0.0,0.0,1.0,0.0,0.0,0.0,0.0,0.0,0.0,1.0,0.0,0.0,0.0,0.0,466,421,271,0,19,131,45,2,0.0,84,10,0,4,2,100,95,0,0,5,1,70.0,0.0,0.0,1.0,0.0,1.0,1.0,0.0,0.0,0.0,0.0,1,1,3.0,1.0,0.0,0.0,1.0,0.0,1.0,0.0,0.0,2.0,68.9090909090909,37,0
2023,1,30,1,1,1,0,1,1,0,0,0,0,0,0,0,0,0,0,0,0,0,0,0,0,0.0,0.0,0.0,0.0,1,C,26,2,1,2020,5,1,1.0,3,1,2.0,1.0,6.0,4.0,3.0,4.0,1.0,1.0,2.0,1.0,2.0,2.0,3.0,2.0,4.0,1.0,3.0,4.0,113.0,5.0,9,26,12,2,1.0,4000.0,320.0,0.0,40,0.0,0.0,0.0,0.0,0.0,1.0,0.0,0.0,0.0,4,5,5,5,0.0,0.0,0.0,0.0,0.0,0.0,0.0,1.0,2.0,0.0,0.0,0.0,0.0,1.0,180,154,111,0,39,4,26,2,0.0,10,90,0,0,0,100,0,100,0,0,1,282.0,0.0,0.0,1.0,0.0,1.0,1.0,0.0,0.0,0.0,0.0,1,2,0.0,0.0,1.0,0.0,1.0,1.0,0.0,0.0,0.0,2.0,5.61538461538461,24,0
2023,1,30,1,1,1,0,1,1,0,0,0,0,0,0,0,0,0,0,0,0,0,0,0,0,0.0,0.0,0.0,0.0,1,C,27,2,1,2017,6,2,0.0,3,1,2.0,1.0,0.0,4.0,3.0,5.0,2.0,2.0,1.0,1.0,2.0,3.0,2.0,3.0,5.0,1.0,3.0,3.0,63.0,29.0,9,26,12,2,1.0,1000.0,90.0,0.0,50,0.0,0.0,0.0,0.0,0.0,0.0,0.0,0.0,1.0,3,4,3,4,0.0,0.0,0.0,0.0,0.0,0.0,0.0,1.0,2.0,1.0,0.0,0.0,0.0,0.0,95,80,67,0,11,2,15,2,0.0,10,90,0,0,0,100,0,100,0,0,1,149.0,0.0,1.0,1.0,0.0,0.0,1.0,0.0,0.0,0.0,0.0,1,1,3.0,1.0,0.0,1.0,1.0,0.0,0.0,0.0,0.0,2.0,10.3478260869565,24,0
2023,1,30,1,1,1,0,1,1,0,0,0,0,0,0,0,0,0,0,0,0,0,0,0,0,0.0,0.0,0.0,0.0,1,C,27,2,1,2018,4,2,0.0,4,1,3.0,2.0,0.0,5.0,3.0,2.0,3.0,2.0,1.0,2.0,2.0,2.0,4.0,4.0,3.0,2.0,4.0,4.0,38.0,6.0,9,24,12,2,1.0,500.0,210.0,0.0,40,0.0,0.0,0.0,0.0,0.0,0.0,0.0,0.0,1.0,4,2,2,3,0.0,0.0,0.0,0.0,0.0,0.0,0.0,1.0,2.0,0.0,0.0,0.0,0.0,1.0,100,86,54,0,26,6,14,2,0.0,10,90,0,0,0,100,0,100,0,0,1,149.0,1.0,0.0,0.0,0.0,0.0,1.0,0.0,0.0,1.0,0.0,1,1,3.0,1.0,0.0,0.0,1.0,0.0,0.0,1.0,0.0,2.0,10.3478260869565,24,0
2023,1,30,1,1,1,0,1,1,0,0,0,0,0,0,0,0,0,0,0,0,0,0,0,0,0.0,0.0,0.0,0.0,1,C,27,2,1,2019,8,2,0.0,3,1,2.0,1.0,6.0,4.0,5.0,5.0,3.0,2.0,1.0,1.0,2.0,4.0,1.0,3.0,2.0,3.0,3.0,3.0,126.0,58.0,10,22,12,2,1.0,3000.0,120.0,0.0,45,0.0,1.0,1.0,0.0,0.0,0.0,0.0,0.0,0.0,4,4,4,4,0.0,0.0,0.0,0.0,0.0,0.0,0.0,1.0,2.0,0.0,0.0,0.0,0.0,1.0,137,98,60,0,15,23,39,2,0.0,100,0,0,0,0,100,0,0,0,100,1,50.0,0.0,0.0,1.0,1.0,0.0,0.0,0.0,0.0,0.0,0.0,2,2,0.0,1.0,0.0,0.0,0.0,0.0,0.0,0.0,0.0,2.0,47.8333333333333,34,0
2023,1,30,1,1,1,0,1,1,0,0,0,0,0,0,0,0,0,0,0,0,0,0,0,0,0.0,0.0,0.0,0.0,1,C,27,2,1,2019,8,2,0.0,3,1,4.0,1.0,3.0,4.0,3.0,4.0,3.0,1.0,1.0,1.0,1.0,2.0,2.0,3.0,2.0,4.0,3.0,4.0,63.0,58.0,8,22,12,2,1.0,3000.0,200.0,0.0,278,1.0,1.0,0.0,0.0,0.0,0.0,0.0,0.0,0.0,2,3,3,4,0.0,0.0,0.0,0.0,1.0,0.0,0.0,0.0,0.0,0.0,0.0,0.0,0.0,1.0,100,84,40,0,25,19,16,2,0.0,100,0,0,0,0,100,100,0,0,0,2,0.0,0.0,0.0,0.0,0.0,0.0,1.0,0.0,0.0,1.0,0.0,1,1,2.0,0.0,1.0,0.0,1.0,1.0,0.0,0.0,0.0,2.0,50.1111111111111,38,0
2023,1,30,1,1,1,0,1,1,0,0,0,0,0,0,0,0,0,0,0,0,0,0,0,0,0.0,0.0,0.0,0.0,1,C,27,2,1,2020,6,2,0.0,3,1,2.0,0.0,6.0,3.0,3.0,4.0,3.0,2.0,2.0,1.0,2.0,3.0,3.0,3.0,3.0,3.0,3.0,3.0,101.0,101.0,8,26,12,2,1.0,2000.0,20.0,0.0,79,0.0,0.0,0.0,0.0,0.0,0.0,0.0,0.0,1.0,3,3,3,3,0.0,0.0,0.0,0.0,0.0,0.0,0.0,1.0,2.0,0.0,0.0,0.0,0.0,1.0,14,11,5,0,3,3,3,2,0.0,100,0,0,0,0,100,100,0,0,0,1,209.0,0.0,0.0,1.0,0.0,0.0,1.0,0.0,0.0,0.0,0.0,2,1,2.0,1.0,0.0,0.0,0.0,0.0,0.0,0.0,0.0,2.0,36.2,26,0
2023,1,30,1,1,1,0,1,1,0,0,0,0,0,0,0,0,0,0,0,0,0,0,0,0,0.0,0.0,0.0,0.0,1,C,27,2,1,2020,9,2,0.0,3,1,3.0,0.0,1.0,3.0,3.0,3.0,3.0,1.0,1.0,1.0,2.0,5.0,5.0,5.0,5.0,5.0,5.0,5.0,126.0,15.0,8,26,12,2,1.0,2000.0,200.0,0.0,92,0.0,1.0,1.0,0.0,0.0,0.0,0.0,0.0,0.0,5,5,3,3,0.0,0.0,0.0,1.0,0.0,0.0,0.0,0.0,0.0,0.0,0.0,0.0,0.0,1.0,117,116,24,63,24,5,1,2,0.0,100,0,0,0,0,100,0,0,0,100,1,54.0,0.0,1.0,1.0,0.0,0.0,1.0,0.0,0.0,0.0,0.0,1,1,2.0,1.0,0.0,1.0,0.0,1.0,0.0,0.0,0.0,0.0,8.625,26,1
2023,1,30,1,1,1,0,1,1,0,0,0,0,0,0,0,0,0,0,0,0,0,0,0,0,0.0,0.0,0.0,0.0,1,C,27,2,2,2016,3,2,0.0,3,1,0.0,0.0,0.0,0.0,0.0,0.0,0.0,0.0,0.0,0.0,0.0,0.0,0.0,0.0,0.0,0.0,0.0,0.0,0.0,0.0,10,24,12,2,1.0,1000.0,32.0,0.0,80,0.0,1.0,1.0,0.0,0.0,0.0,0.0,0.0,0.0,3,3,3,3,0.0,0.0,0.0,0.0,0.0,0.0,0.0,1.0,2.0,1.0,0.0,0.0,0.0,0.0,81,71,64,0,4,3,10,2,0.0,100,0,0,0,0,100,100,0,0,0,1,298.0,0.0,1.0,1.0,0.0,0.0,1.0,0.0,0.0,0.0,0.0,2,1,2.0,1.0,0.0,0.0,0.0,1.0,0.0,0.0,0.0,2.0,67.1666666666667,25,0
2023,1,30,1,1,1,0,1,1,0,0,0,0,0,0,0,0,0,0,0,0,0,0,0,0,0.0,0.0,0.0,0.0,1,C,27,2,2,2018,6,2,0.0,3,1,0.0,0.0,0.0,0.0,0.0,0.0,0.0,0.0,0.0,0.0,0.0,0.0,0.0,0.0,0.0,0.0,0.0,0.0,0.0,0.0,9,22,12,2,1.0,1000.0,100.0,0.0,99,0.0,1.0,0.0,0.0,0.0,0.0,0.0,0.0,0.0,4,4,3,3,0.0,0.0,0.0,0.0,0.0,0.0,0.0,1.0,2.0,0.0,0.0,0.0,0.0,1.0,145,114,84,0,13,17,31,2,0.0,100,0,0,0,0,100,100,0,0,0,2,0.0,0.0,0.0,1.0,0.0,1.0,0.0,0.0,0.0,0.0,0.0,1,1,3.0,1.0,0.0,0.0,0.0,0.0,0.0,0.0,0.0,2.0,26.8709677419355,22,0
2023,1,30,1,1,1,0,1,1,0,0,0,0,0,0,0,0,0,0,0,0,0,0,0,0,0.0,0.0,0.0,0.0,1,C,27,2,2,2022,5,1,4.0,2,2,0.0,0.0,0.0,0.0,0.0,0.0,0.0,0.0,0.0,0.0,0.0,0.0,0.0,0.0,0.0,0.0,0.0,0.0,0.0,0.0,10,28,12,2,1.0,6000.0,450.0,0.0,72,0.0,1.0,0.0,0.0,1.0,0.0,0.0,0.0,0.0,3,4,3,3,0.0,0.0,0.0,0.0,0.0,0.0,0.0,1.0,2.0,0.0,0.0,0.0,0.0,1.0,93,87,29,0,55,3,6,2,0.0,2,98,0,0,0,100,0,100,0,0,1,95.0,0.0,1.0,1.0,0.0,1.0,0.0,0.0,0.0,0.0,0.0,2,2,0.0,1.0,0.0,1.0,0.0,0.0,1.0,0.0,0.0,2.0,22.9565217391304,23,0
2023,1,30,1,1,1,0,1,1,0,0,0,0,0,0,0,0,0,0,0,0,0,0,0,0,0.0,0.0,0.0,0.0,1,C,28,2,1,2014,4,2,0.0,3,1,0.0,0.0,0.0,0.0,0.0,0.0,0.0,0.0,0.0,0.0,0.0,0.0,0.0,0.0,0.0,0.0,0.0,0.0,0.0,0.0,8,24,12,2,1.0,2000.0,210.0,0.0,24,0.0,0.0,0.0,0.0,0.0,0.0,0.0,0.0,1.0,3,3,3,3,0.0,0.0,0.0,0.0,0.0,0.0,0.0,1.0,2.0,0.0,0.0,0.0,0.0,1.0,64,65,13,0,26,26,-1,2,0.0,0,100,0,0,0,100,0,100,0,0,1,69.0,0.0,1.0,0.0,0.0,0.0,0.0,0.0,0.0,0.0,0.0,1,2,0.0,1.0,0.0,1.0,0.0,0.0,0.0,0.0,0.0,2.0,41.8888888888889,26,0
2023,1,30,1,1,1,0,1,1,0,0,0,0,0,0,0,0,0,0,0,0,0,0,0,0,0.0,0.0,0.0,0.0,1,C,28,2,1,2019,1,2,0.0,3,1,1.0,0.0,6.0,4.0,5.0,4.0,3.0,1.0,1.0,1.0,2.0,4.0,4.0,4.0,4.0,3.0,2.0,3.0,188.0,188.0,7,22,12,1,0.0,0.0,0.0,0.0,100,1.0,1.0,0.0,0.0,0.0,0.0,0.0,0.0,0.0,4,5,5,4,0.0,0.0,0.0,0.0,0.0,0.0,0.0,1.0,1.0,0.0,0.0,0.0,0.0,1.0,50,42,40,0,0,2,8,2,0.0,100,0,0,0,0,100,100,0,0,0,1,149.0,0.0,1.0,1.0,0.0,0.0,0.0,0.0,0.0,0.0,0.0,1,1,1.0,1.0,0.0,0.0,0.0,0.0,0.0,0.0,0.0,2.0,25.1851851851852,22,0
2023,1,30,1,1,1,0,1,1,0,0,0,0,0,0,0,0,0,0,0,0,0,0,0,0,0.0,0.0,0.0,0.0,1,C,28,2,1,2019,4,2,0.0,3,1,3.0,0.0,6.0,4.0,5.0,4.0,3.0,2.0,1.0,1.0,2.0,4.0,4.0,3.0,2.0,4.0,2.0,3.0,128.0,86.0,10,25,12,2,1.0,2000.0,53.0,0.0,45,1.0,1.0,0.0,0.0,0.0,0.0,0.0,0.0,0.0,4,3,3,4,0.0,0.0,0.0,0.0,0.0,0.0,0.0,1.0,1.0,1.0,0.0,0.0,0.0,0.0,303,269,219,0,6,44,34,2,0.0,60,40,0,0,0,100,95,5,0,0,1,100.0,0.0,1.0,1.0,0.0,0.0,0.0,0.0,0.0,0.0,0.0,1,1,1.0,1.0,0.0,0.0,0.0,0.0,0.0,0.0,0.0,2.0,64.7692307692308,37,0
2023,1,30,1,1,1,0,1,1,0,0,0,0,0,0,0,0,0,0,0,0,0,0,0,0,0.0,0.0,0.0,0.0,1,C,29,2,1,2013,5,2,0.0,3,1,0.0,0.0,0.0,0.0,0.0,0.0,0.0,0.0,0.0,0.0,0.0,0.0,0.0,0.0,0.0,0.0,0.0,0.0,0.0,0.0,8,25,12,1,0.0,0.0,0.0,0.0,59,0.0,0.0,0.0,0.0,0.0,0.0,0.0,0.0,1.0,3,3,3,3,0.0,0.0,0.0,0.0,0.0,0.0,0.0,1.0,2.0,0.0,0.0,0.0,0.0,1.0,150,310,45,250,0,15,-160,2,0.0,0,100,0,0,0,100,30,70,0,0,1,1.0,0.0,0.0,0.0,0.0,0.0,0.0,0.0,1.0,0.0,0.0,1,2,0.0,1.0,0.0,0.0,0.0,0.0,0.0,0.0,0.0,2.0,99.8888888888889,33,0
2023,1,30,1,1,1,0,1,1,0,0,0,0,0,0,0,0,0,0,0,0,0,0,0,0,0.0,0.0,0.0,0.0,1,C,29,2,1,2019,12,2,0.0,3,1,2.0,0.0,7.0,3.0,3.0,3.0,3.0,2.0,2.0,2.0,2.0,4.0,4.0,4.0,4.0,4.0,4.0,4.0,63.0,36.0,8,24,12,1,0.0,0.0,0.0,0.0,125,0.0,0.0,0.0,0.0,0.0,0.0,0.0,0.0,1.0,3,3,3,3,0.0,0.0,0.0,0.0,0.0,0.0,0.0,1.0,2.0,0.0,0.0,0.0,0.0,1.0,61,60,12,0,24,24,1,2,0.0,0,100,0,0,0,100,0,100,0,0,1,89.0,0.0,1.0,1.0,0.0,0.0,0.0,0.0,0.0,0.0,0.0,2,2,0.0,0.0,1.0,1.0,1.0,0.0,0.0,0.0,0.0,2.0,485.222222222222,38,0
2023,1,30,1,1,1,0,1,1,0,0,0,0,0,0,0,0,0,0,0,0,0,0,0,0,0.0,0.0,0.0,0.0,1,C,29,2,1,2021,11,2,0.0,2,2,2.0,5.0,0.0,4.0,5.0,5.0,3.0,1.0,1.0,1.0,2.0,1.0,5.0,5.0,5.0,5.0,5.0,5.0,126.0,126.0,8,24,12,2,1.0,3000.0,70.0,0.0,7,1.0,1.0,0.0,0.0,0.0,1.0,0.0,1.0,0.0,4,4,3,4,0.0,0.0,0.0,0.0,0.0,0.0,0.0,1.0,2.0,0.0,0.0,0.0,0.0,1.0,283,258,191,57,9,1,25,2,0.0,100,0,0,0,0,100,0,100,0,0,1,298.0,0.0,0.0,1.0,0.0,0.0,0.0,1.0,0.0,1.0,0.0,2,2,0.0,0.0,0.0,1.0,0.0,0.0,0.0,0.0,0.0,2.0,33.4210526315789,25,0
2023,1,30,1,1,1,0,1,1,0,0,0,0,0,0,0,0,0,0,0,0,0,0,0,0,0.0,0.0,0.0,0.0,1,C,30,2,1,2016,1,2,0.0,3,1,0.0,0.0,0.0,0.0,0.0,0.0,0.0,0.0,0.0,0.0,0.0,0.0,0.0,0.0,0.0,0.0,0.0,0.0,0.0,0.0,8,22,12,2,1.0,5000.0,310.0,0.0,661,0.0,0.0,0.0,0.0,0.0,0.0,0.0,0.0,1.0,1,2,2,1,0.0,0.0,0.0,0.0,0.0,0.0,0.0,1.0,2.0,0.0,0.0,0.0,0.0,1.0,40,48,10,0,38,0,-8,2,0.0,100,0,0,0,0,100,100,0,0,0,1,27.0,0.0,1.0,0.0,0.0,0.0,0.0,0.0,0.0,0.0,0.0,1,2,0.0,0.0,0.0,0.0,0.0,1.0,0.0,0.0,0.0,2.0,9.47368421052632,24,0
2023,1,30,1,1,1,0,1,1,0,0,0,0,0,0,0,0,0,0,0,0,0,0,0,0,0.0,0.0,0.0,0.0,1,C,30,2,1,2018,2,2,0.0,3,1,2.0,1.0,4.0,4.0,5.0,5.0,3.0,1.0,1.0,1.0,1.0,3.0,2.0,2.0,3.0,1.0,3.0,5.0,107.0,7.0,9,24,12,2,1.0,3000.0,310.0,0.0,80,0.0,0.0,0.0,0.0,0.0,0.0,0.0,0.0,1.0,4,3,4,5,0.0,0.0,0.0,0.0,0.0,0.0,0.0,1.0,1.0,0.0,0.0,0.0,0.0,1.0,248,223,180,0,38,5,25,2,0.0,10,90,0,0,0,100,0,100,0,0,1,239.0,0.0,1.0,0.0,1.0,0.0,1.0,0.0,0.0,0.0,0.0,2,1,1.0,0.0,0.0,1.0,0.0,1.0,1.0,0.0,0.0,2.0,6.73529411764706,35,0
2023,1,30,1,1,1,0,1,1,0,0,0,0,0,0,0,0,0,0,0,0,0,0,0,0,0.0,0.0,0.0,0.0,1,C,30,2,1,2019,1,2,0.0,3,1,3.0,1.0,0.0,3.0,3.0,3.0,3.0,2.0,1.0,1.0,1.0,5.0,5.0,5.0,5.0,5.0,5.0,5.0,251.0,145.0,8,24,12,2,1.0,2000.0,260.0,0.0,991,0.0,1.0,1.0,0.0,0.0,0.0,0.0,0.0,0.0,3,3,3,3,0.0,0.0,0.0,0.0,0.0,0.0,0.0,1.0,2.0,0.0,0.0,0.0,0.0,1.0,80,80,16,0,32,32,0,2,0.0,100,0,0,0,0,100,100,0,0,0,1,200.0,0.0,0.0,1.0,1.0,1.0,0.0,0.0,0.0,0.0,0.0,1,2,0.0,1.0,0.0,1.0,0.0,1.0,0.0,0.0,0.0,2.0,22.1739130434783,38,0
2023,1,30,1,1,1,0,1,1,0,0,0,0,0,0,0,0,0,0,0,0,0,0,0,0,0.0,0.0,0.0,0.0,1,C,30,2,1,2020,11,2,0.0,3,1,3.0,0.0,8.0,2.0,4.0,5.0,2.0,2.0,1.0,1.0,2.0,2.0,3.0,2.0,4.0,1.0,3.0,5.0,88.0,6.0,9,26,12,2,1.0,2500.0,200.0,0.0,65,0.0,0.0,0.0,0.0,0.0,0.0,0.0,0.0,1.0,5,4,4,5,0.0,0.0,0.0,0.0,0.0,0.0,0.0,1.0,1.0,1.0,0.0,0.0,0.0,0.0,142,122,94,0,25,3,20,2,0.0,10,90,0,0,0,100,0,100,0,0,1,209.0,0.0,0.0,1.0,0.0,1.0,1.0,0.0,0.0,0.0,0.0,1,1,3.0,0.0,1.0,0.0,0.0,1.0,1.0,0.0,0.0,2.0,6.73529411764706,35,0
2023,1,30,1,1,1,0,1,1,0,0,0,0,0,0,0,0,0,0,0,0,0,0,0,0,0.0,0.0,0.0,0.0,1,C,30,2,1,2021,10,2,0.0,1,2,2.0,0.0,3.0,3.0,3.0,3.0,3.0,1.0,1.0,1.0,1.0,3.0,3.0,3.0,4.0,4.0,3.0,3.0,25.0,25.0,8,22,12,2,1.0,1000.0,240.0,0.0,36,0.0,0.0,0.0,0.0,0.0,0.0,0.0,0.0,1.0,1,1,1,1,0.0,0.0,0.0,0.0,0.0,0.0,0.0,1.0,2.0,0.0,0.0,0.0,0.0,1.0,40,34,5,0,29,0,6,2,0.0,0,0,0,0,100,100,0,0,0,100,1,95.0,0.0,0.0,0.0,0.0,0.0,0.0,0.0,0.0,0.0,1.0,2,2,0.0,1.0,0.0,0.0,0.0,0.0,0.0,0.0,0.0,0.0,3.17142857142857,11,1
2023,1,30,1,1,1,0,1,1,0,0,0,0,0,0,0,0,0,0,0,0,0,0,0,0,0.0,0.0,0.0,0.0,1,C,30,2,1,2021,12,1,1.0,3,1,3.0,1.0,6.0,3.0,4.0,5.0,2.0,2.0,1.0,1.0,2.0,4.0,2.0,2.0,3.0,1.0,3.0,3.0,50.0,15.0,9,26,12,2,1.0,3000.0,150.0,0.0,80,0.0,0.0,0.0,0.0,0.0,0.0,0.0,0.0,1.0,5,5,5,5,0.0,0.0,0.0,0.0,0.0,0.0,0.0,1.0,2.0,1.0,0.0,0.0,0.0,0.0,103,86,61,0,18,7,17,2,0.0,10,90,0,0,0,100,0,100,0,0,1,239.0,0.0,1.0,0.0,0.0,1.0,1.0,0.0,0.0,0.0,0.0,1,2,0.0,1.0,0.0,0.0,1.0,1.0,0.0,0.0,0.0,2.0,18.5454545454545,24,0
2023,1,30,1,1,1,0,1,1,0,0,0,0,0,0,0,0,0,0,0,0,0,0,0,0,0.0,0.0,0.0,0.0,1,C,30,2,1,2022,9,2,0.0,3,1,2.0,0.0,3.0,4.0,4.0,4.0,4.0,2.0,1.0,1.0,2.0,2.0,1.0,5.0,1.0,1.0,4.0,1.0,25.0,25.0,8,25,12,2,1.0,3000.0,40.0,0.0,150,0.0,0.0,0.0,0.0,0.0,0.0,0.0,0.0,1.0,3,3,3,3,0.0,0.0,0.0,0.0,0.0,0.0,0.0,1.0,2.0,0.0,0.0,0.0,0.0,1.0,18,14,6,0,5,3,4,2,0.0,30,70,0,0,0,100,0,100,0,0,2,0.0,1.0,0.0,1.0,0.0,1.0,0.0,0.0,0.0,0.0,0.0,3,1,1.0,1.0,0.0,1.0,0.0,0.0,0.0,0.0,0.0,2.0,15.0555555555556,35,0
2023,1,30,1,1,1,0,1,1,0,0,0,0,0,0,0,0,0,0,0,0,0,0,0,0,0.0,0.0,0.0,0.0,1,C,32,2,1,2004,1,1,3.0,3,1,0.0,0.0,0.0,0.0,0.0,0.0,0.0,0.0,0.0,0.0,0.0,0.0,0.0,0.0,0.0,0.0,0.0,0.0,0.0,0.0,9,26,12,2,1.0,8000.0,240.0,0.0,198,1.0,1.0,1.0,0.0,0.0,0.0,0.0,0.0,0.0,4,5,4,4,0.0,0.0,0.0,0.0,0.0,0.0,0.0,1.0,2.0,0.0,0.0,0.0,0.0,1.0,75,61,25,0,29,7,14,2,0.0,20,80,0,0,0,100,0,100,0,0,2,0.0,1.0,0.0,0.0,0.0,1.0,0.0,0.0,0.0,0.0,0.0,1,1,1.0,1.0,0.0,0.0,0.0,1.0,0.0,0.0,0.0,2.0,9.80487804878049,11,0
2023,1,30,1,1,1,0,1,1,0,0,0,0,0,0,0,0,0,0,0,0,0,0,0,0,0.0,0.0,0.0,0.0,1,C,32,2,1,2011,8,2,0.0,4,1,0.0,0.0,0.0,0.0,0.0,0.0,0.0,0.0,0.0,0.0,0.0,0.0,0.0,0.0,0.0,0.0,0.0,0.0,0.0,0.0,11,25,12,1,0.0,0.0,0.0,0.0,132,1.0,0.0,0.0,0.0,0.0,0.0,0.0,0.0,0.0,3,3,2,2,0.0,0.0,0.0,0.0,0.0,0.0,0.0,1.0,2.0,0.0,0.0,0.0,0.0,1.0,70,61,49,0,0,12,9,2,0.0,5,95,0,0,0,100,5,90,0,5,1,150.0,1.0,0.0,0.0,0.0,0.0,0.0,0.0,0.0,0.0,0.0,1,2,0.0,0.0,0.0,1.0,0.0,0.0,0.0,0.0,0.0,2.0,18.7333333333333,32,0
2023,1,30,1,1,1,0,1,1,0,0,0,0,0,0,0,0,0,0,0,0,0,0,0,0,0.0,0.0,0.0,0.0,1,C,32,2,1,2017,10,2,0.0,3,1,2.0,2.0,0.0,5.0,5.0,5.0,5.0,1.0,1.0,1.0,1.0,3.0,4.0,5.0,3.0,3.0,5.0,4.0,251.0,44.0,8,23,12,2,1.0,300000.0,200.0,0.0,528,0.0,0.0,1.0,0.0,0.0,0.0,0.0,0.0,0.0,5,5,1,5,0.0,0.0,0.0,0.0,0.0,0.0,0.0,1.0,2.0,0.0,0.0,0.0,0.0,1.0,480,505,384,72,25,24,-25,2,0.0,70,30,0,0,0,100,80,20,0,0,1,70.0,1.0,1.0,1.0,0.0,0.0,0.0,0.0,0.0,0.0,0.0,1,2,0.0,1.0,0.0,1.0,0.0,1.0,0.0,0.0,0.0,2.0,8.04166666666667,24,0
2023,1,30,1,1,1,0,1,1,0,0,0,0,0,0,0,0,0,0,0,0,0,0,0,0,0.0,0.0,0.0,0.0,1,C,32,2,1,2017,8,1,3.0,3,1,2.0,5.0,0.0,3.0,2.0,2.0,2.0,2.0,2.0,2.0,2.0,4.0,2.0,4.0,4.0,2.0,1.0,3.0,63.0,63.0,9,30,12,2,1.0,1000.0,42.0,0.0,46,0.0,0.0,0.0,0.0,0.0,0.0,0.0,0.0,1.0,4,4,4,4,0.0,0.0,0.0,0.0,0.0,0.0,0.0,1.0,2.0,0.0,0.0,0.0,0.0,1.0,42,37,31,0,5,1,5,2,0.0,50,50,0,0,0,100,0,100,0,0,1,48.0,0.0,0.0,0.0,0.0,0.0,0.0,0.0,0.0,0.0,1.0,2,2,0.0,1.0,0.0,1.0,1.0,0.0,0.0,0.0,0.0,2.0,9.77272727272727,22,0
2023,1,30,1,1,1,0,1,1,0,0,0,0,0,0,0,0,0,0,0,0,0,0,0,0,0.0,0.0,0.0,0.0,1,C,32,2,1,2021,6,2,0.0,2,1,2.0,1.0,0.0,1.0,3.0,5.0,3.0,2.0,1.0,1.0,1.0,2.0,2.0,5.0,4.0,5.0,1.0,3.0,63.0,49.0,10,25,11,2,1.0,600.0,68.0,0.0,198,0.0,1.0,1.0,0.0,0.0,0.0,0.0,0.0,0.0,4,3,2,3,0.0,0.0,0.0,0.0,0.0,0.0,0.0,1.0,2.0,0.0,0.0,0.0,0.0,1.0,200,48,20,0,8,20,152,2,0.0,50,50,0,0,0,100,0,100,0,0,1,40.0,0.0,0.0,0.0,0.0,0.0,0.0,1.0,0.0,0.0,0.0,3,1,2.0,1.0,1.0,0.0,0.0,0.0,0.0,0.0,0.0,2.0,343.083333333333,31,0
2023,1,30,1,1,1,0,1,1,0,0,0,0,0,0,0,0,0,0,0,0,0,0,0,0,0.0,0.0,0.0,0.0,1,C,32,2,1,2022,1,2,0.0,3,1,2.0,1.0,2.0,5.0,5.0,4.0,4.0,1.0,1.0,1.0,2.0,4.0,5.0,4.0,5.0,4.0,4.0,4.0,126.0,116.0,12,26,12,2,1.0,2000.0,53.0,0.0,86,0.0,1.0,1.0,0.0,0.0,0.0,0.0,0.0,0.0,5,5,4,5,0.0,1.0,0.0,0.0,0.0,0.0,0.0,0.0,0.0,0.0,0.0,0.0,0.0,1.0,76,72,63,0,6,3,4,2,0.0,100,0,0,0,0,100,100,0,0,0,1,24.0,0.0,1.0,1.0,0.0,0.0,0.0,0.0,0.0,0.0,0.0,3,1,2.0,1.0,0.0,1.0,0.0,0.0,0.0,0.0,0.0,2.0,20.4761904761905,22,0
2023,1,30,1,1,1,0,1,1,0,0,0,0,0,0,0,0,0,0,0,0,0,0,0,0,0.0,0.0,0.0,0.0,1,C,32,2,2,2019,8,1,1.0,3,1,0.0,0.0,0.0,0.0,0.0,0.0,0.0,0.0,0.0,0.0,0.0,0.0,0.0,0.0,0.0,0.0,0.0,0.0,0.0,0.0,10,30,12,2,1.0,3000.0,250.0,0.0,550,1.0,1.0,1.0,0.0,0.0,0.0,0.0,0.0,0.0,4,4,4,4,0.0,0.0,0.0,0.0,0.0,1.0,0.0,0.0,0.0,1.0,0.0,0.0,0.0,0.0,200,150,60,0,30,60,50,1,10.0,100,0,0,0,0,100,0,100,0,0,1,200.0,0.0,0.0,0.0,0.0,0.0,1.0,0.0,1.0,0.0,0.0,1,1,2.0,1.0,0.0,0.0,0.0,0.0,0.0,0.0,0.0,2.0,85.3913043478261,31,0
2023,1,30,1,1,1,0,1,1,0,0,0,0,0,0,0,0,0,0,0,0,0,0,0,0,0.0,0.0,0.0,0.0,1,C,33,2,1,2013,11,2,0.0,3,1,0.0,0.0,0.0,0.0,0.0,0.0,0.0,0.0,0.0,0.0,0.0,0.0,0.0,0.0,0.0,0.0,0.0,0.0,0.0,0.0,10,22,12,2,1.0,1000.0,170.0,0.0,42,0.0,0.0,0.0,0.0,0.0,0.0,0.0,0.0,1.0,3,3,3,3,0.0,0.0,0.0,0.0,0.0,0.0,0.0,1.0,2.0,0.0,0.0,0.0,0.0,1.0,32,25,2,0,21,2,7,2,0.0,20,80,0,0,0,100,0,100,0,0,1,12.0,0.0,0.0,0.0,0.0,0.0,0.0,0.0,0.0,0.0,1.0,2,2,0.0,0.0,0.0,1.0,0.0,0.0,0.0,0.0,0.0,2.0,26.0357142857143,34,0
2023,1,30,1,1,1,0,1,1,0,0,0,0,0,0,0,0,0,0,0,0,0,0,0,0,0.0,0.0,0.0,0.0,1,C,33,2,1,2016,6,2,0.0,4,1,0.0,0.0,0.0,0.0,0.0,0.0,0.0,0.0,0.0,0.0,0.0,0.0,0.0,0.0,0.0,0.0,0.0,0.0,0.0,0.0,8,22,12,2,1.0,300.0,36.0,0.0,66,0.0,1.0,0.0,0.0,0.0,0.0,0.0,0.0,0.0,4,4,4,5,0.0,0.0,0.0,0.0,0.0,0.0,0.0,1.0,2.0,0.0,0.0,0.0,0.0,1.0,77,60,51,0,4,5,17,2,0.0,20,80,0,0,0,100,5,95,0,0,1,100.0,0.0,0.0,1.0,0.0,0.0,1.0,0.0,0.0,0.0,0.0,1,2,0.0,1.0,0.0,0.0,0.0,0.0,0.0,0.0,0.0,2.0,47.3478260869565,23,0
2023,1,30,1,1,1,0,1,1,0,0,0,0,0,0,0,0,0,0,0,0,0,0,0,0,0.0,0.0,0.0,0.0,1,C,33,2,1,2017,6,1,6.0,4,1,2.0,0.0,6.0,3.0,4.0,4.0,4.0,2.0,2.0,2.0,2.0,3.0,3.0,3.0,3.0,3.0,3.0,3.0,25.0,25.0,8,20,12,2,2.0,0.0,4.0,0.0,7,0.0,0.0,0.0,0.0,0.0,0.0,0.0,0.0,1.0,2,2,2,2,0.0,0.0,0.0,0.0,0.0,0.0,0.0,1.0,2.0,0.0,0.0,0.0,0.0,1.0,59,45,34,0,1,10,14,2,0.0,0,0,100,0,0,100,0,100,0,0,1,70.0,0.0,0.0,0.0,0.0,0.0,1.0,0.0,0.0,0.0,0.0,1,1,2.0,1.0,0.0,0.0,0.0,0.0,0.0,0.0,0.0,2.0,18.1935483870968,33,0
2023,1,30,1,1,1,0,1,1,0,0,0,0,0,0,0,0,0,0,0,0,0,0,0,0,0.0,0.0,0.0,0.0,1,C,33,2,1,2021,5,2,0.0,3,1,3.0,0.0,6.0,1.0,1.0,5.0,1.0,2.0,2.0,2.0,2.0,1.0,1.0,1.0,3.0,1.0,1.0,2.0,38.0,38.0,8,20,12,2,5.0,0.0,0.0,0.0,99,1.0,1.0,0.0,0.0,0.0,0.0,0.0,0.0,0.0,4,3,3,3,0.0,0.0,0.0,0.0,0.0,0.0,0.0,1.0,2.0,0.0,0.0,0.0,0.0,1.0,100,90,86,0,0,4,10,2,0.0,0,100,0,0,0,100,20,80,0,0,1,188.0,1.0,1.0,1.0,0.0,0.0,0.0,0.0,0.0,0.0,0.0,2,1,2.0,1.0,0.0,0.0,0.0,0.0,0.0,0.0,0.0,2.0,28.9428571428571,22,0
2023,1,30,1,1,1,0,1,1,0,0,0,0,0,0,0,0,0,0,0,0,0,0,0,0,0.0,0.0,0.0,0.0,1,C,33,2,1,2022,1,2,0.0,3,1,2.0,0.0,3.0,3.0,3.0,4.0,4.0,2.0,2.0,2.0,2.0,3.0,3.0,2.0,3.0,3.0,2.0,3.0,63.0,63.0,8,26,12,2,1.0,3000.0,190.0,0.0,1567,0.0,0.0,0.0,0.0,0.0,0.0,0.0,0.0,1.0,4,4,3,4,0.0,0.0,0.0,0.0,0.0,0.0,0.0,1.0,2.0,0.0,0.0,0.0,0.0,1.0,100,92,67,0,23,2,8,2,0.0,50,50,0,0,0,100,0,90,0,10,1,298.0,0.0,0.0,1.0,0.0,0.0,0.0,0.0,0.0,0.0,0.0,2,1,1.0,1.0,0.0,0.0,0.0,0.0,0.0,0.0,0.0,0.0,77.725,31,1
2023,1,30,1,1,1,0,1,1,0,0,0,0,0,0,0,0,0,0,0,0,0,0,0,0,0.0,0.0,0.0,0.0,1,C,33,2,1,2022,12,2,0.0,1,2,1.0,1.0,3.0,2.0,3.0,3.0,2.0,2.0,1.0,1.0,2.0,3.0,4.0,3.0,2.0,3.0,3.0,2.0,88.0,58.0,7,23,12,1,0.0,0.0,0.0,0.0,100,0.0,0.0,0.0,0.0,0.0,0.0,0.0,0.0,1.0,3,4,3,3,0.0,0.0,0.0,0.0,0.0,0.0,0.0,1.0,2.0,1.0,0.0,0.0,0.0,0.0,35,38,20,15,0,3,-3,1,20.0,0,50,50,0,0,100,0,100,0,0,1,28.0,0.0,0.0,1.0,0.0,0.0,0.0,0.0,0.0,0.0,0.0,1,1,3.0,1.0,0.0,0.0,0.0,0.0,0.0,0.0,0.0,2.0,18.1935483870968,33,0
2023,1,30,1,1,1,0,1,1,0,0,0,0,0,0,0,0,0,0,0,0,0,0,0,0,0.0,0.0,0.0,0.0,1,C,33,2,1,2022,2,2,0.0,3,1,2.0,1.0,3.0,3.0,4.0,3.0,4.0,1.0,1.0,1.0,1.0,3.0,2.0,4.0,3.0,4.0,2.0,3.0,38.0,29.0,8,26,12,2,1.0,2000.0,230.0,0.0,120,0.0,1.0,0.0,0.0,0.0,0.0,1.0,0.0,0.0,3,4,4,2,0.0,0.0,0.0,1.0,1.0,0.0,0.0,0.0,0.0,0.0,0.0,0.0,0.0,1.0,134,108,40,0,28,40,26,2,0.0,100,0,0,0,0,100,100,0,0,0,1,60.0,0.0,0.0,1.0,0.0,1.0,0.0,0.0,1.0,0.0,0.0,1,1,3.0,0.0,0.0,1.0,0.0,1.0,0.0,0.0,0.0,2.0,40.2,38,0
2023,1,30,1,1,1,0,1,1,0,0,0,0,0,0,0,0,0,0,0,0,0,0,0,0,0.0,0.0,0.0,0.0,1,C,33,2,3,2020,12,2,0.0,3,2,0.0,0.0,0.0,0.0,0.0,0.0,0.0,0.0,0.0,0.0,0.0,0.0,0.0,0.0,0.0,0.0,0.0,0.0,0.0,0.0,10,25,12,2,1.0,1000.0,50.0,0.0,66,0.0,0.0,0.0,0.0,0.0,0.0,0.0,0.0,1.0,2,2,2,2,0.0,0.0,1.0,0.0,0.0,0.0,0.0,0.0,0.0,0.0,0.0,0.0,0.0,1.0,30,28,21,0,7,0,2,2,0.0,30,70,0,0,0,100,30,50,0,20,1,298.0,0.0,1.0,0.0,0.0,0.0,1.0,0.0,0.0,0.0,0.0,1,2,0.0,1.0,0.0,0.0,0.0,0.0,0.0,0.0,0.0,2.0,18.1935483870968,33,0
2023,1,30,1,1,1,0,1,1,0,0,0,0,0,0,0,0,0,0,0,0,0,0,0,0,0.0,0.0,0.0,0.0,1,C,34,2,1,2013,11,2,0.0,3,1,0.0,0.0,0.0,0.0,0.0,0.0,0.0,0.0,0.0,0.0,0.0,0.0,0.0,0.0,0.0,0.0,0.0,0.0,0.0,0.0,9,22,12,2,5.0,0.0,0.0,0.0,63,0.0,0.0,0.0,0.0,0.0,0.0,0.0,0.0,1.0,1,1,1,1,0.0,0.0,0.0,0.0,0.0,0.0,0.0,1.0,2.0,0.0,0.0,0.0,0.0,1.0,20,18,10,0,0,8,2,2,0.0,100,0,0,0,0,100,0,10,0,90,1,1.0,0.0,0.0,1.0,0.0,0.0,0.0,0.0,0.0,0.0,0.0,2,2,0.0,1.0,0.0,0.0,0.0,0.0,0.0,0.0,0.0,2.0,68.4761904761905,38,0
2023,1,30,1,1,1,0,1,1,0,0,0,0,0,0,0,0,0,0,0,0,0,0,0,0,0.0,0.0,0.0,0.0,1,C,34,2,1,2021,3,2,0.0,1,1,2.0,0.0,6.0,5.0,4.0,5.0,4.0,1.0,1.0,1.0,1.0,4.0,2.0,3.0,4.0,1.0,3.0,3.0,88.0,7.0,9,26,12,2,1.0,3000.0,80.0,0.0,103,0.0,0.0,0.0,0.0,0.0,0.0,0.0,0.0,1.0,5,3,3,5,0.0,0.0,0.0,0.0,0.0,0.0,0.0,1.0,2.0,1.0,0.0,0.0,0.0,0.0,34,29,19,0,10,0,5,2,0.0,10,90,0,0,0,100,0,100,0,0,1,239.0,0.0,0.0,1.0,0.0,1.0,0.0,0.0,0.0,1.0,0.0,2,2,0.0,1.0,1.0,0.0,1.0,0.0,0.0,0.0,0.0,2.0,18.1111111111111,24,0
2023,1,30,1,1,1,0,1,1,0,0,0,0,0,0,0,0,0,0,0,0,0,0,0,0,0.0,0.0,0.0,0.0,1,F,41,2,1,2016,2,2,0.0,3,1,0.0,0.0,0.0,0.0,0.0,0.0,0.0,0.0,0.0,0.0,0.0,0.0,0.0,0.0,0.0,0.0,0.0,0.0,0.0,0.0,7,22,12,1,0.0,0.0,0.0,0.0,214,0.0,0.0,0.0,0.0,0.0,0.0,0.0,0.0,1.0,1,1,1,1,0.0,0.0,0.0,0.0,0.0,0.0,0.0,1.0,2.0,0.0,0.0,0.0,0.0,1.0,195,191,37,0,0,154,4,2,0.0,100,0,0,0,0,100,0,100,0,0,1,64.0,0.0,0.0,0.0,0.0,0.0,0.0,1.0,0.0,0.0,0.0,2,2,0.0,0.0,0.0,1.0,0.0,0.0,0.0,0.0,0.0,1.0,110.486486486486,11,0
2023,1,30,1,1,1,0,1,1,0,0,0,0,0,0,0,0,0,0,0,0,0,0,0,0,0.0,0.0,0.0,0.0,1,F,41,2,1,2016,3,2,0.0,3,1,0.0,0.0,0.0,0.0,0.0,0.0,0.0,0.0,0.0,0.0,0.0,0.0,0.0,0.0,0.0,0.0,0.0,0.0,0.0,0.0,8,20,12,2,1.0,500.0,54.0,0.0,38,0.0,0.0,0.0,0.0,0.0,0.0,0.0,0.0,1.0,5,5,5,5,0.0,0.0,0.0,0.0,0.0,0.0,0.0,1.0,2.0,0.0,0.0,0.0,0.0,1.0,44,17,9,0,7,1,27,2,0.0,100,0,0,0,0,100,100,0,0,0,1,15.0,1.0,1.0,0.0,1.0,0.0,0.0,0.0,0.0,0.0,0.0,2,1,1.0,1.0,0.0,0.0,1.0,0.0,0.0,0.0,0.0,2.0,60.3333333333333,23,0
2023,1,30,1,1,1,0,1,1,0,0,0,0,0,0,0,0,0,0,0,0,0,0,0,0,0.0,0.0,0.0,0.0,1,F,41,2,1,2021,5,2,0.0,4,1,2.0,0.0,8.0,3.0,5.0,2.0,4.0,1.0,1.0,2.0,1.0,4.0,5.0,3.0,5.0,4.0,5.0,3.0,85.0,85.0,10,20,12,2,1.0,5500.0,90.0,0.0,46,0.0,0.0,0.0,0.0,0.0,0.0,0.0,0.0,1.0,4,5,3,5,0.0,0.0,0.0,0.0,0.0,0.0,0.0,1.0,2.0,0.0,0.0,1.0,0.0,0.0,40,39,26,0,11,2,1,2,0.0,30,70,0,0,0,100,10,90,0,0,1,50.0,0.0,1.0,1.0,0.0,0.0,0.0,1.0,0.0,0.0,0.0,2,1,3.0,1.0,0.0,0.0,1.0,0.0,1.0,0.0,0.0,2.0,62.8181818181818,21,0
2023,1,30,1,1,1,0,1,1,0,0,0,0,0,0,0,0,0,0,0,0,0,0,0,0,0.0,0.0,0.0,0.0,1,F,41,2,1,2022,10,2,0.0,2,2,4.0,0.0,3.0,3.0,3.0,4.0,3.0,2.0,2.0,2.0,2.0,2.0,2.0,2.0,2.0,2.0,2.0,2.0,11.0,11.0,8,26,12,2,3.0,1300.0,0.0,0.0,73,0.0,0.0,0.0,0.0,0.0,0.0,0.0,0.0,1.0,5,4,3,4,0.0,0.0,0.0,0.0,0.0,0.0,0.0,1.0,2.0,0.0,0.0,0.0,0.0,1.0,35,32,7,25,0,0,3,2,0.0,100,0,0,0,0,100,0,100,0,0,1,12.0,0.0,0.0,0.0,0.0,0.0,0.0,0.0,0.0,0.0,1.0,2,2,0.0,1.0,0.0,0.0,0.0,0.0,0.0,0.0,0.0,2.0,111.826086956522,37,0
